dice,iou,hd95,precision,recall,f1,class,stem
1.0,1.0,0.0,1.0,1.0,1.0,Normal,Normal- (3064)
1.0,1.0,0.0,1.0,1.0,1.0,Normal,Normal- (581)
1.0,1.0,0.0,1.0,1.0,1.0,Normal,Normal- (1028)
1.0,1.0,0.0,1.0,1.0,1.0,Normal,Normal- (3906)
1.0,1.0,0.0,1.0,1.0,1.0,Normal,Normal- (4914)
1.0,1.0,0.0,1.0,1.0,1.0,Normal,Normal- (260)
1.0,1.0,0.0,1.0,1.0,1.0,Normal,Normal- (2803)
1.0,1.0,0.0,1.0,1.0,1.0,Normal,Normal- (2784)
1.0,1.0,0.0,1.0,1.0,1.0,Normal,Normal- (3191)
1.0,1.0,0.0,1.0,1.0,1.0,Normal,Normal- (3818)
1.0,1.0,0.0,1.0,1.0,1.0,Normal,Normal- (4336)
1.0,1.0,0.0,1.0,1.0,1.0,Normal,Normal- (4953)
1.0,1.0,0.0,1.0,1.0,1.0,Normal,Normal- (1446)
1.0,1.0,0.0,1.0,1.0,1.0,Normal,Normal- (3601)
1.0,1.0,0.0,1.0,1.0,1.0,Normal,Normal- (60)
1.0,1.0,0.0,1.0,1.0,1.0,Normal,Normal- (4780)
1.0,1.0,0.0,1.0,1.0,1.0,Normal,Normal- (978)
1.0,1.0,0.0,1.0,1.0,1.0,Normal,Normal- (3686)
1.0,1.0,0.0,1.0,1.0,1.0,Normal,Normal- (638)
1.0,1.0,0.0,1.0,1.0,1.0,Normal,Normal- (1833)
1.0,1.0,0.0,1.0,1.0,1.0,Normal,Normal- (2189)
1.0,1.0,0.0,1.0,1.0,1.0,Normal,Normal- (4253)
1.0,1.0,0.0,1.0,1.0,1.0,Normal,Normal- (2920)
1.0,1.0,0.0,1.0,1.0,1.0,Normal,Normal- (1657)
1.0,1.0,0.0,1.0,1.0,1.0,Normal,Normal- (1753)
1.0,1.0,0.0,1.0,1.0,1.0,Normal,Normal- (2677)
1.0,1.0,0.0,1.0,1.0,1.0,Normal,Normal- (4946)
1.0,1.0,0.0,1.0,1.0,1.0,Normal,Normal- (3604)
1.0,1.0,0.0,1.0,1.0,1.0,Normal,Normal- (1562)
1.0,1.0,0.0,1.0,1.0,1.0,Normal,Normal- (4783)
1.0,1.0,0.0,1.0,1.0,1.0,Normal,Normal- (2956)
1.0,1.0,0.0,1.0,1.0,1.0,Normal,Normal- (1483)
1.0,1.0,0.0,1.0,1.0,1.0,Normal,Normal- (4042)
1.0,1.0,0.0,1.0,1.0,1.0,Normal,Normal- (3644)
1.0,1.0,0.0,1.0,1.0,1.0,Normal,Normal- (4905)
1.0,1.0,0.0,1.0,1.0,1.0,Normal,Normal- (2852)
1.0,1.0,0.0,1.0,1.0,1.0,Normal,Normal- (4293)
1.0,1.0,0.0,1.0,1.0,1.0,Normal,Normal- (3838)
1.0,1.0,0.0,1.0,1.0,1.0,Normal,Normal- (4916)
1.0,1.0,0.0,1.0,1.0,1.0,Normal,Normal- (3266)
1.0,1.0,0.0,1.0,1.0,1.0,Normal,Normal- (1019)
1.0,1.0,0.0,1.0,1.0,1.0,Normal,Normal- (943)
1.0,1.0,0.0,1.0,1.0,1.0,Normal,Normal- (5062)
1.0,1.0,0.0,1.0,1.0,1.0,Normal,Normal- (173)
1.0,1.0,0.0,1.0,1.0,1.0,Normal,Normal- (229)
1.0,1.0,0.0,1.0,1.0,1.0,Normal,Normal- (145)
1.0,1.0,0.0,1.0,1.0,1.0,Normal,Normal- (2648)
1.0,1.0,0.0,1.0,1.0,1.0,Normal,Normal- (4347)
1.0,1.0,0.0,1.0,1.0,1.0,Normal,Normal- (3689)
1.0,1.0,0.0,1.0,1.0,1.0,Normal,Normal- (1417)
1.0,1.0,0.0,1.0,1.0,1.0,Normal,Normal- (2950)
1.0,1.0,0.0,1.0,1.0,1.0,Normal,Normal- (3960)
1.0,1.0,0.0,1.0,1.0,1.0,Normal,Normal- (4532)
1.0,1.0,0.0,1.0,1.0,1.0,Normal,Normal- (2570)
1.0,1.0,0.0,1.0,1.0,1.0,Normal,Normal- (2457)
1.0,1.0,0.0,1.0,1.0,1.0,Normal,Normal- (1790)
1.0,1.0,0.0,1.0,1.0,1.0,Normal,Normal- (3442)
1.0,1.0,0.0,1.0,1.0,1.0,Normal,Normal- (3409)
1.0,1.0,0.0,1.0,1.0,1.0,Normal,Normal- (1094)
1.0,1.0,0.0,1.0,1.0,1.0,Normal,Normal- (5063)
1.0,1.0,0.0,1.0,1.0,1.0,Normal,Normal- (2162)
1.0,1.0,0.0,1.0,1.0,1.0,Normal,Normal- (4678)
1.0,1.0,0.0,1.0,1.0,1.0,Normal,Normal- (3340)
1.0,1.0,0.0,1.0,1.0,1.0,Normal,Normal- (30)
1.0,1.0,0.0,1.0,1.0,1.0,Normal,Normal- (4892)
1.0,1.0,0.0,1.0,1.0,1.0,Normal,Normal- (3417)
1.0,1.0,0.0,1.0,1.0,1.0,Normal,Normal- (2484)
1.0,1.0,0.0,1.0,1.0,1.0,Normal,Normal- (814)
1.0,1.0,0.0,1.0,1.0,1.0,Normal,Normal- (1659)
1.0,1.0,0.0,1.0,1.0,1.0,Normal,Normal- (2301)
1.0,1.0,0.0,1.0,1.0,1.0,Normal,Normal- (1950)
1.0,1.0,0.0,1.0,1.0,1.0,Normal,Normal- (3070)
1.0,1.0,0.0,1.0,1.0,1.0,Normal,Normal- (1639)
1.0,1.0,0.0,1.0,1.0,1.0,Normal,Normal- (3486)
1.0,1.0,0.0,1.0,1.0,1.0,Normal,Normal- (1213)
1.0,1.0,0.0,1.0,1.0,1.0,Normal,Normal- (1057)
1.0,1.0,0.0,1.0,1.0,1.0,Normal,Normal- (1698)
1.0,1.0,0.0,1.0,1.0,1.0,Normal,Normal- (1368)
1.0,1.0,0.0,1.0,1.0,1.0,Normal,Normal- (1476)
1.0,1.0,0.0,1.0,1.0,1.0,Normal,Normal- (2929)
1.0,1.0,0.0,1.0,1.0,1.0,Normal,Normal- (1529)
1.0,1.0,0.0,1.0,1.0,1.0,Normal,Normal- (2717)
1.0,1.0,0.0,1.0,1.0,1.0,Normal,Normal- (3816)
1.0,1.0,0.0,1.0,1.0,1.0,Normal,Normal- (4269)
1.0,1.0,0.0,1.0,1.0,1.0,Normal,Normal- (4374)
1.0,1.0,0.0,1.0,1.0,1.0,Normal,Normal- (3479)
1.0,1.0,0.0,1.0,1.0,1.0,Normal,Normal- (4891)
1.0,1.0,0.0,1.0,1.0,1.0,Normal,Normal- (291)
1.0,1.0,0.0,1.0,1.0,1.0,Normal,Normal- (2558)
1.0,1.0,0.0,1.0,1.0,1.0,Normal,Normal- (4711)
1.0,1.0,0.0,1.0,1.0,1.0,Normal,Normal- (1503)
1.0,1.0,0.0,1.0,1.0,1.0,Normal,Normal- (1074)
1.0,1.0,0.0,1.0,1.0,1.0,Normal,Normal- (593)
1.0,1.0,0.0,1.0,1.0,1.0,Normal,Normal- (4241)
1.0,1.0,0.0,1.0,1.0,1.0,Normal,Normal- (3432)
1.0,1.0,0.0,1.0,1.0,1.0,Normal,Normal- (2927)
1.0,1.0,0.0,1.0,1.0,1.0,Normal,Normal- (4620)
1.0,1.0,0.0,1.0,1.0,1.0,Normal,Normal- (4751)
1.0,1.0,0.0,1.0,1.0,1.0,Normal,Normal- (166)
1.0,1.0,0.0,1.0,1.0,1.0,Normal,Normal- (2223)
1.0,1.0,0.0,1.0,1.0,1.0,Normal,Normal- (3341)
1.0,1.0,0.0,1.0,1.0,1.0,Normal,Normal- (1436)
1.0,1.0,0.0,1.0,1.0,1.0,Normal,Normal- (2351)
1.0,1.0,0.0,1.0,1.0,1.0,Normal,Normal- (4858)
1.0,1.0,0.0,1.0,1.0,1.0,Normal,Normal- (497)
1.0,1.0,0.0,1.0,1.0,1.0,Normal,Normal- (5001)
1.0,1.0,0.0,1.0,1.0,1.0,Normal,Normal- (2947)
1.0,1.0,0.0,1.0,1.0,1.0,Normal,Normal- (4703)
1.0,1.0,0.0,1.0,1.0,1.0,Normal,Normal- (2292)
1.0,1.0,0.0,1.0,1.0,1.0,Normal,Normal- (116)
1.0,1.0,0.0,1.0,1.0,1.0,Normal,Normal- (2013)
1.0,1.0,0.0,1.0,1.0,1.0,Normal,Normal- (107)
1.0,1.0,0.0,1.0,1.0,1.0,Normal,Normal- (3320)
1.0,1.0,0.0,1.0,1.0,1.0,Normal,Normal- (211)
1.0,1.0,0.0,1.0,1.0,1.0,Normal,Normal- (4383)
1.0,1.0,0.0,1.0,1.0,1.0,Normal,Normal- (4015)
1.0,1.0,0.0,1.0,1.0,1.0,Normal,Normal- (3915)
1.0,1.0,0.0,1.0,1.0,1.0,Normal,Normal- (3645)
1.0,1.0,0.0,1.0,1.0,1.0,Normal,Normal- (1178)
1.0,1.0,0.0,1.0,1.0,1.0,Normal,Normal- (599)
1.0,1.0,0.0,1.0,1.0,1.0,Normal,Normal- (125)
1.0,1.0,0.0,1.0,1.0,1.0,Normal,Normal- (1815)
1.0,1.0,0.0,1.0,1.0,1.0,Normal,Normal- (3788)
1.0,1.0,0.0,1.0,1.0,1.0,Normal,Normal- (2913)
1.0,1.0,0.0,1.0,1.0,1.0,Normal,Normal- (1382)
1.0,1.0,0.0,1.0,1.0,1.0,Normal,Normal- (3527)
1.0,1.0,0.0,1.0,1.0,1.0,Normal,Normal- (2630)
1.0,1.0,0.0,1.0,1.0,1.0,Normal,Normal- (3556)
1.0,1.0,0.0,1.0,1.0,1.0,Normal,Normal- (3629)
1.0,1.0,0.0,1.0,1.0,1.0,Normal,Normal- (3889)
1.0,1.0,0.0,1.0,1.0,1.0,Normal,Normal- (114)
1.0,1.0,0.0,1.0,1.0,1.0,Normal,Normal- (3006)
1.0,1.0,0.0,1.0,1.0,1.0,Normal,Normal- (3935)
1.0,1.0,0.0,1.0,1.0,1.0,Normal,Normal- (272)
1.0,1.0,0.0,1.0,1.0,1.0,Normal,Normal- (4732)
1.0,1.0,0.0,1.0,1.0,1.0,Normal,Normal- (1203)
1.0,1.0,0.0,1.0,1.0,1.0,Normal,Normal- (4633)
1.0,1.0,0.0,1.0,1.0,1.0,Normal,Normal- (1832)
1.0,1.0,0.0,1.0,1.0,1.0,Normal,Normal- (2214)
1.0,1.0,0.0,1.0,1.0,1.0,Normal,Normal- (2455)
1.0,1.0,0.0,1.0,1.0,1.0,Normal,Normal- (1024)
1.0,1.0,0.0,1.0,1.0,1.0,Normal,Normal- (3741)
1.0,1.0,0.0,1.0,1.0,1.0,Normal,Normal- (1949)
1.0,1.0,0.0,1.0,1.0,1.0,Normal,Normal- (4412)
1.0,1.0,0.0,1.0,1.0,1.0,Normal,Normal- (142)
1.0,1.0,0.0,1.0,1.0,1.0,Normal,Normal- (3573)
1.0,1.0,0.0,1.0,1.0,1.0,Normal,Normal- (1601)
1.0,1.0,0.0,1.0,1.0,1.0,Normal,Normal- (2432)
1.0,1.0,0.0,1.0,1.0,1.0,Normal,Normal- (3739)
1.0,1.0,0.0,1.0,1.0,1.0,Normal,Normal- (4698)
1.0,1.0,0.0,1.0,1.0,1.0,Normal,Normal- (2998)
1.0,1.0,0.0,1.0,1.0,1.0,Normal,Normal- (4492)
1.0,1.0,0.0,1.0,1.0,1.0,Normal,Normal- (3885)
1.0,1.0,0.0,1.0,1.0,1.0,Normal,Normal- (1134)
1.0,1.0,0.0,1.0,1.0,1.0,Normal,Normal- (1589)
1.0,1.0,0.0,1.0,1.0,1.0,Normal,Normal- (890)
1.0,1.0,0.0,1.0,1.0,1.0,Normal,Normal- (3209)
1.0,1.0,0.0,1.0,1.0,1.0,Normal,Normal- (1214)
1.0,1.0,0.0,1.0,1.0,1.0,Normal,Normal- (1560)
1.0,1.0,0.0,1.0,1.0,1.0,Normal,Normal- (3758)
1.0,1.0,0.0,1.0,1.0,1.0,Normal,Normal- (4688)
1.0,1.0,0.0,1.0,1.0,1.0,Normal,Normal- (1299)
1.0,1.0,0.0,1.0,1.0,1.0,Normal,Normal- (2398)
1.0,1.0,0.0,1.0,1.0,1.0,Normal,Normal- (5012)
1.0,1.0,0.0,1.0,1.0,1.0,Normal,Normal- (3926)
1.0,1.0,0.0,1.0,1.0,1.0,Normal,Normal- (115)
1.0,1.0,0.0,1.0,1.0,1.0,Normal,Normal- (2681)
1.0,1.0,0.0,1.0,1.0,1.0,Normal,Normal- (4908)
1.0,1.0,0.0,1.0,1.0,1.0,Normal,Normal- (553)
1.0,1.0,0.0,1.0,1.0,1.0,Normal,Normal- (1538)
1.0,1.0,0.0,1.0,1.0,1.0,Normal,Normal- (1265)
1.0,1.0,0.0,1.0,1.0,1.0,Normal,Normal- (3058)
1.0,1.0,0.0,1.0,1.0,1.0,Normal,Normal- (3814)
1.0,1.0,0.0,1.0,1.0,1.0,Normal,Normal- (2871)
1.0,1.0,0.0,1.0,1.0,1.0,Normal,Normal- (3416)
1.0,1.0,0.0,1.0,1.0,1.0,Normal,Normal- (5029)
1.0,1.0,0.0,1.0,1.0,1.0,Normal,Normal- (4018)
1.0,1.0,0.0,1.0,1.0,1.0,Normal,Normal- (2054)
1.0,1.0,0.0,1.0,1.0,1.0,Normal,Normal- (2076)
1.0,1.0,0.0,1.0,1.0,1.0,Normal,Normal- (2204)
1.0,1.0,0.0,1.0,1.0,1.0,Normal,Normal- (1728)
1.0,1.0,0.0,1.0,1.0,1.0,Normal,Normal- (2466)
1.0,1.0,0.0,1.0,1.0,1.0,Normal,Normal- (4810)
1.0,1.0,0.0,1.0,1.0,1.0,Normal,Normal- (3536)
1.0,1.0,0.0,1.0,1.0,1.0,Normal,Normal- (2531)
1.0,1.0,0.0,1.0,1.0,1.0,Normal,Normal- (1497)
1.0,1.0,0.0,1.0,1.0,1.0,Normal,Normal- (4490)
1.0,1.0,0.0,1.0,1.0,1.0,Normal,Normal- (2686)
1.0,1.0,0.0,1.0,1.0,1.0,Normal,Normal- (2276)
1.0,1.0,0.0,1.0,1.0,1.0,Normal,Normal- (2128)
1.0,1.0,0.0,1.0,1.0,1.0,Normal,Normal- (1686)
1.0,1.0,0.0,1.0,1.0,1.0,Normal,Normal- (2232)
1.0,1.0,0.0,1.0,1.0,1.0,Normal,Normal- (1648)
1.0,1.0,0.0,1.0,1.0,1.0,Normal,Normal- (2235)
1.0,1.0,0.0,1.0,1.0,1.0,Normal,Normal- (1611)
1.0,1.0,0.0,1.0,1.0,1.0,Normal,Normal- (3004)
1.0,1.0,0.0,1.0,1.0,1.0,Normal,Normal- (4890)
1.0,1.0,0.0,1.0,1.0,1.0,Normal,Normal- (3428)
1.0,1.0,0.0,1.0,1.0,1.0,Normal,Normal- (3192)
1.0,1.0,0.0,1.0,1.0,1.0,Normal,Normal- (3572)
1.0,1.0,0.0,1.0,1.0,1.0,Normal,Normal- (4998)
1.0,1.0,0.0,1.0,1.0,1.0,Normal,Normal- (2243)
1.0,1.0,0.0,1.0,1.0,1.0,Normal,Normal- (2431)
1.0,1.0,0.0,1.0,1.0,1.0,Normal,Normal- (3047)
1.0,1.0,0.0,1.0,1.0,1.0,Normal,Normal- (1202)
1.0,1.0,0.0,1.0,1.0,1.0,Normal,Normal- (4393)
1.0,1.0,0.0,1.0,1.0,1.0,Normal,Normal- (1489)
1.0,1.0,0.0,1.0,1.0,1.0,Normal,Normal- (2307)
1.0,1.0,0.0,1.0,1.0,1.0,Normal,Normal- (4350)
1.0,1.0,0.0,1.0,1.0,1.0,Normal,Normal- (501)
1.0,1.0,0.0,1.0,1.0,1.0,Normal,Normal- (2710)
1.0,1.0,0.0,1.0,1.0,1.0,Normal,Normal- (4257)
1.0,1.0,0.0,1.0,1.0,1.0,Normal,Normal- (3434)
1.0,1.0,0.0,1.0,1.0,1.0,Normal,Normal- (1687)
1.0,1.0,0.0,1.0,1.0,1.0,Normal,Normal- (4343)
1.0,1.0,0.0,1.0,1.0,1.0,Normal,Normal- (848)
1.0,1.0,0.0,1.0,1.0,1.0,Normal,Normal- (1221)
1.0,1.0,0.0,1.0,1.0,1.0,Normal,Normal- (3497)
1.0,1.0,0.0,1.0,1.0,1.0,Normal,Normal- (5059)
1.0,1.0,0.0,1.0,1.0,1.0,Normal,Normal- (1729)
1.0,1.0,0.0,1.0,1.0,1.0,Normal,Normal- (4281)
1.0,1.0,0.0,1.0,1.0,1.0,Normal,Normal- (3075)
1.0,1.0,0.0,1.0,1.0,1.0,Normal,Normal- (4498)
1.0,1.0,0.0,1.0,1.0,1.0,Normal,Normal- (1896)
1.0,1.0,0.0,1.0,1.0,1.0,Normal,Normal- (3493)
1.0,1.0,0.0,1.0,1.0,1.0,Normal,Normal- (2847)
1.0,1.0,0.0,1.0,1.0,1.0,Normal,Normal- (2322)
1.0,1.0,0.0,1.0,1.0,1.0,Normal,Normal- (4027)
1.0,1.0,0.0,1.0,1.0,1.0,Normal,Normal- (2309)
1.0,1.0,0.0,1.0,1.0,1.0,Normal,Normal- (3392)
1.0,1.0,0.0,1.0,1.0,1.0,Normal,Normal- (2003)
1.0,1.0,0.0,1.0,1.0,1.0,Normal,Normal- (1943)
1.0,1.0,0.0,1.0,1.0,1.0,Normal,Normal- (4776)
1.0,1.0,0.0,1.0,1.0,1.0,Normal,Normal- (3957)
1.0,1.0,0.0,1.0,1.0,1.0,Normal,Normal- (1608)
1.0,1.0,0.0,1.0,1.0,1.0,Normal,Normal- (79)
1.0,1.0,0.0,1.0,1.0,1.0,Normal,Normal- (1070)
1.0,1.0,0.0,1.0,1.0,1.0,Normal,Normal- (2040)
1.0,1.0,0.0,1.0,1.0,1.0,Normal,Normal- (4773)
1.0,1.0,0.0,1.0,1.0,1.0,Normal,Normal- (1719)
1.0,1.0,0.0,1.0,1.0,1.0,Normal,Normal- (4003)
1.0,1.0,0.0,1.0,1.0,1.0,Normal,Normal- (4175)
1.0,1.0,0.0,1.0,1.0,1.0,Normal,Normal- (1499)
1.0,1.0,0.0,1.0,1.0,1.0,Normal,Normal- (4956)
1.0,1.0,0.0,1.0,1.0,1.0,Normal,Normal- (2333)
1.0,1.0,0.0,1.0,1.0,1.0,Normal,Normal- (4572)
1.0,1.0,0.0,1.0,1.0,1.0,Normal,Normal- (2098)
1.0,1.0,0.0,1.0,1.0,1.0,Normal,Normal- (3251)
1.0,1.0,0.0,1.0,1.0,1.0,Normal,Normal- (205)
1.0,1.0,0.0,1.0,1.0,1.0,Normal,Normal- (3730)
1.0,1.0,0.0,1.0,1.0,1.0,Normal,Normal- (1078)
1.0,1.0,0.0,1.0,1.0,1.0,Normal,Normal- (2106)
1.0,1.0,0.0,1.0,1.0,1.0,Normal,Normal- (3203)
1.0,1.0,0.0,1.0,1.0,1.0,Normal,Normal- (1005)
1.0,1.0,0.0,1.0,1.0,1.0,Normal,Normal- (4330)
1.0,1.0,0.0,1.0,1.0,1.0,Normal,Normal- (3241)
1.0,1.0,0.0,1.0,1.0,1.0,Normal,Normal- (909)
1.0,1.0,0.0,1.0,1.0,1.0,Normal,Normal- (547)
1.0,1.0,0.0,1.0,1.0,1.0,Normal,Normal- (2097)
1.0,1.0,0.0,1.0,1.0,1.0,Normal,Normal- (3855)
1.0,1.0,0.0,1.0,1.0,1.0,Normal,Normal- (2500)
1.0,1.0,0.0,1.0,1.0,1.0,Normal,Normal- (1128)
1.0,1.0,0.0,1.0,1.0,1.0,Normal,Normal- (4384)
1.0,1.0,0.0,1.0,1.0,1.0,Normal,Normal- (4067)
1.0,1.0,0.0,1.0,1.0,1.0,Normal,Normal- (903)
1.0,1.0,0.0,1.0,1.0,1.0,Normal,Normal- (3303)
1.0,1.0,0.0,1.0,1.0,1.0,Normal,Normal- (3537)
1.0,1.0,0.0,1.0,1.0,1.0,Normal,Normal- (707)
1.0,1.0,0.0,1.0,1.0,1.0,Normal,Normal- (1717)
1.0,1.0,0.0,1.0,1.0,1.0,Normal,Normal- (2940)
1.0,1.0,0.0,1.0,1.0,1.0,Normal,Normal- (2304)
1.0,1.0,0.0,1.0,1.0,1.0,Normal,Normal- (5058)
1.0,1.0,0.0,1.0,1.0,1.0,Normal,Normal- (1670)
1.0,1.0,0.0,1.0,1.0,1.0,Normal,Normal- (3061)
1.0,1.0,0.0,1.0,1.0,1.0,Normal,Normal- (4885)
1.0,1.0,0.0,1.0,1.0,1.0,Normal,Normal- (2732)
1.0,1.0,0.0,1.0,1.0,1.0,Normal,Normal- (1089)
1.0,1.0,0.0,1.0,1.0,1.0,Normal,Normal- (4833)
1.0,1.0,0.0,1.0,1.0,1.0,Normal,Normal- (287)
1.0,1.0,0.0,1.0,1.0,1.0,Normal,Normal- (4041)
1.0,1.0,0.0,1.0,1.0,1.0,Normal,Normal- (1633)
1.0,1.0,0.0,1.0,1.0,1.0,Normal,Normal- (3079)
1.0,1.0,0.0,1.0,1.0,1.0,Normal,Normal- (4406)
1.0,1.0,0.0,1.0,1.0,1.0,Normal,Normal- (2738)
1.0,1.0,0.0,1.0,1.0,1.0,Normal,Normal- (4827)
1.0,1.0,0.0,1.0,1.0,1.0,Normal,Normal- (1453)
1.0,1.0,0.0,1.0,1.0,1.0,Normal,Normal- (2892)
1.0,1.0,0.0,1.0,1.0,1.0,Normal,Normal- (4354)
1.0,1.0,0.0,1.0,1.0,1.0,Normal,Normal- (1373)
1.0,1.0,0.0,1.0,1.0,1.0,Normal,Normal- (5024)
1.0,1.0,0.0,1.0,1.0,1.0,Normal,Normal- (4847)
1.0,1.0,0.0,1.0,1.0,1.0,Normal,Normal- (4066)
1.0,1.0,0.0,1.0,1.0,1.0,Normal,Normal- (3902)
1.0,1.0,0.0,1.0,1.0,1.0,Normal,Normal- (4866)
1.0,1.0,0.0,1.0,1.0,1.0,Normal,Normal- (4434)
1.0,1.0,0.0,1.0,1.0,1.0,Normal,Normal- (18)
1.0,1.0,0.0,1.0,1.0,1.0,Normal,Normal- (4497)
1.0,1.0,0.0,1.0,1.0,1.0,Normal,Normal- (220)
1.0,1.0,0.0,1.0,1.0,1.0,Normal,Normal- (3965)
1.0,1.0,0.0,1.0,1.0,1.0,Normal,Normal- (2151)
1.0,1.0,0.0,1.0,1.0,1.0,Normal,Normal- (3835)
1.0,1.0,0.0,1.0,1.0,1.0,Normal,Normal- (4467)
1.0,1.0,0.0,1.0,1.0,1.0,Normal,Normal- (3585)
1.0,1.0,0.0,1.0,1.0,1.0,Normal,Normal- (3735)
1.0,1.0,0.0,1.0,1.0,1.0,Normal,Normal- (2905)
1.0,1.0,0.0,1.0,1.0,1.0,Normal,Normal- (1620)
1.0,1.0,0.0,1.0,1.0,1.0,Normal,Normal- (1266)
1.0,1.0,0.0,1.0,1.0,1.0,Normal,Normal- (1613)
1.0,1.0,0.0,1.0,1.0,1.0,Normal,Normal- (2564)
1.0,1.0,0.0,1.0,1.0,1.0,Normal,Normal- (2968)
1.0,1.0,0.0,1.0,1.0,1.0,Normal,Normal- (2481)
1.0,1.0,0.0,1.0,1.0,1.0,Normal,Normal- (3742)
1.0,1.0,0.0,1.0,1.0,1.0,Normal,Normal- (1205)
1.0,1.0,0.0,1.0,1.0,1.0,Normal,Normal- (1379)
1.0,1.0,0.0,1.0,1.0,1.0,Normal,Normal- (2394)
1.0,1.0,0.0,1.0,1.0,1.0,Normal,Normal- (3969)
1.0,1.0,0.0,1.0,1.0,1.0,Normal,Normal- (788)
1.0,1.0,0.0,1.0,1.0,1.0,Normal,Normal- (511)
1.0,1.0,0.0,1.0,1.0,1.0,Normal,Normal- (4231)
1.0,1.0,0.0,1.0,1.0,1.0,Normal,Normal- (4583)
1.0,1.0,0.0,1.0,1.0,1.0,Normal,Normal- (3068)
1.0,1.0,0.0,1.0,1.0,1.0,Normal,Normal- (3050)
1.0,1.0,0.0,1.0,1.0,1.0,Normal,Normal- (4955)
1.0,1.0,0.0,1.0,1.0,1.0,Normal,Normal- (987)
1.0,1.0,0.0,1.0,1.0,1.0,Normal,Normal- (1789)
1.0,1.0,0.0,1.0,1.0,1.0,Normal,Normal- (3379)
1.0,1.0,0.0,1.0,1.0,1.0,Normal,Normal- (2352)
1.0,1.0,0.0,1.0,1.0,1.0,Normal,Normal- (1688)
1.0,1.0,0.0,1.0,1.0,1.0,Normal,Normal- (3375)
1.0,1.0,0.0,1.0,1.0,1.0,Normal,Normal- (2293)
1.0,1.0,0.0,1.0,1.0,1.0,Normal,Normal- (504)
1.0,1.0,0.0,1.0,1.0,1.0,Normal,Normal- (1577)
1.0,1.0,0.0,1.0,1.0,1.0,Normal,Normal- (3876)
1.0,1.0,0.0,1.0,1.0,1.0,Normal,Normal- (743)
1.0,1.0,0.0,1.0,1.0,1.0,Normal,Normal- (4388)
1.0,1.0,0.0,1.0,1.0,1.0,Normal,Normal- (1757)
1.0,1.0,0.0,1.0,1.0,1.0,Normal,Normal- (818)
1.0,1.0,0.0,1.0,1.0,1.0,Normal,Normal- (595)
1.0,1.0,0.0,1.0,1.0,1.0,Normal,Normal- (4060)
1.0,1.0,0.0,1.0,1.0,1.0,Normal,Normal- (2700)
1.0,1.0,0.0,1.0,1.0,1.0,Normal,Normal- (1921)
1.0,1.0,0.0,1.0,1.0,1.0,Normal,Normal- (1334)
1.0,1.0,0.0,1.0,1.0,1.0,Normal,Normal- (3786)
1.0,1.0,0.0,1.0,1.0,1.0,Normal,Normal- (1385)
1.0,1.0,0.0,1.0,1.0,1.0,Normal,Normal- (2132)
1.0,1.0,0.0,1.0,1.0,1.0,Normal,Normal- (1871)
1.0,1.0,0.0,1.0,1.0,1.0,Normal,Normal- (1132)
1.0,1.0,0.0,1.0,1.0,1.0,Normal,Normal- (4598)
1.0,1.0,0.0,1.0,1.0,1.0,Normal,Normal- (901)
1.0,1.0,0.0,1.0,1.0,1.0,Normal,Normal- (2202)
1.0,1.0,0.0,1.0,1.0,1.0,Normal,Normal- (404)
1.0,1.0,0.0,1.0,1.0,1.0,Normal,Normal- (4944)
1.0,1.0,0.0,1.0,1.0,1.0,Normal,Normal- (1440)
1.0,1.0,0.0,1.0,1.0,1.0,Normal,Normal- (861)
1.0,1.0,0.0,1.0,1.0,1.0,Normal,Normal- (3140)
1.0,1.0,0.0,1.0,1.0,1.0,Normal,Normal- (1009)
1.0,1.0,0.0,1.0,1.0,1.0,Normal,Normal- (1082)
1.0,1.0,0.0,1.0,1.0,1.0,Normal,Normal- (4023)
1.0,1.0,0.0,1.0,1.0,1.0,Normal,Normal- (3117)
1.0,1.0,0.0,1.0,1.0,1.0,Normal,Normal- (2406)
1.0,1.0,0.0,1.0,1.0,1.0,Normal,Normal- (4429)
1.0,1.0,0.0,1.0,1.0,1.0,Normal,Normal- (4016)
1.0,1.0,0.0,1.0,1.0,1.0,Normal,Normal- (4596)
1.0,1.0,0.0,1.0,1.0,1.0,Normal,Normal- (459)
1.0,1.0,0.0,1.0,1.0,1.0,Normal,Normal- (2673)
1.0,1.0,0.0,1.0,1.0,1.0,Normal,Normal- (545)
1.0,1.0,0.0,1.0,1.0,1.0,Normal,Normal- (2663)
1.0,1.0,0.0,1.0,1.0,1.0,Normal,Normal- (1984)
1.0,1.0,0.0,1.0,1.0,1.0,Normal,Normal- (1792)
1.0,1.0,0.0,1.0,1.0,1.0,Normal,Normal- (314)
1.0,1.0,0.0,1.0,1.0,1.0,Normal,Normal- (2056)
1.0,1.0,0.0,1.0,1.0,1.0,Normal,Normal- (4601)
1.0,1.0,0.0,1.0,1.0,1.0,Normal,Normal- (3723)
1.0,1.0,0.0,1.0,1.0,1.0,Normal,Normal- (2361)
1.0,1.0,0.0,1.0,1.0,1.0,Normal,Normal- (4621)
1.0,1.0,0.0,1.0,1.0,1.0,Normal,Normal- (2989)
1.0,1.0,0.0,1.0,1.0,1.0,Normal,Normal- (1747)
1.0,1.0,0.0,1.0,1.0,1.0,Normal,Normal- (996)
1.0,1.0,0.0,1.0,1.0,1.0,Normal,Normal- (3603)
1.0,1.0,0.0,1.0,1.0,1.0,Normal,Normal- (2379)
1.0,1.0,0.0,1.0,1.0,1.0,Normal,Normal- (871)
1.0,1.0,0.0,1.0,1.0,1.0,Normal,Normal- (255)
1.0,1.0,0.0,1.0,1.0,1.0,Normal,Normal- (2408)
1.0,1.0,0.0,1.0,1.0,1.0,Normal,Normal- (2495)
1.0,1.0,0.0,1.0,1.0,1.0,Normal,Normal- (1352)
1.0,1.0,0.0,1.0,1.0,1.0,Normal,Normal- (4242)
1.0,1.0,0.0,1.0,1.0,1.0,Normal,Normal- (4552)
1.0,1.0,0.0,1.0,1.0,1.0,Normal,Normal- (3989)
1.0,1.0,0.0,1.0,1.0,1.0,Normal,Normal- (1117)
1.0,1.0,0.0,1.0,1.0,1.0,Normal,Normal- (3105)
1.0,1.0,0.0,1.0,1.0,1.0,Normal,Normal- (2635)
1.0,1.0,0.0,1.0,1.0,1.0,Normal,Normal- (4373)
1.0,1.0,0.0,1.0,1.0,1.0,Normal,Normal- (240)
1.0,1.0,0.0,1.0,1.0,1.0,Normal,Normal- (1435)
1.0,1.0,0.0,1.0,1.0,1.0,Normal,Normal- (3472)
1.0,1.0,0.0,1.0,1.0,1.0,Normal,Normal- (718)
1.0,1.0,0.0,1.0,1.0,1.0,Normal,Normal- (2209)
1.0,1.0,0.0,1.0,1.0,1.0,Normal,Normal- (1723)
1.0,1.0,0.0,1.0,1.0,1.0,Normal,Normal- (1257)
1.0,1.0,0.0,1.0,1.0,1.0,Normal,Normal- (4849)
1.0,1.0,0.0,1.0,1.0,1.0,Normal,Normal- (3901)
1.0,1.0,0.0,1.0,1.0,1.0,Normal,Normal- (2555)
1.0,1.0,0.0,1.0,1.0,1.0,Normal,Normal- (930)
1.0,1.0,0.0,1.0,1.0,1.0,Normal,Normal- (195)
1.0,1.0,0.0,1.0,1.0,1.0,Normal,Normal- (3315)
1.0,1.0,0.0,1.0,1.0,1.0,Normal,Normal- (485)
1.0,1.0,0.0,1.0,1.0,1.0,Normal,Normal- (1939)
1.0,1.0,0.0,1.0,1.0,1.0,Normal,Normal- (3014)
1.0,1.0,0.0,1.0,1.0,1.0,Normal,Normal- (3453)
1.0,1.0,0.0,1.0,1.0,1.0,Normal,Normal- (3708)
1.0,1.0,0.0,1.0,1.0,1.0,Normal,Normal- (736)
1.0,1.0,0.0,1.0,1.0,1.0,Normal,Normal- (4441)
1.0,1.0,0.0,1.0,1.0,1.0,Normal,Normal- (4232)
1.0,1.0,0.0,1.0,1.0,1.0,Normal,Normal- (1423)
1.0,1.0,0.0,1.0,1.0,1.0,Normal,Normal- (3893)
1.0,1.0,0.0,1.0,1.0,1.0,Normal,Normal- (87)
1.0,1.0,0.0,1.0,1.0,1.0,Normal,Normal- (1097)
1.0,1.0,0.0,1.0,1.0,1.0,Normal,Normal- (3598)
1.0,1.0,0.0,1.0,1.0,1.0,Normal,Normal- (1422)
1.0,1.0,0.0,1.0,1.0,1.0,Normal,Normal- (4822)
1.0,1.0,0.0,1.0,1.0,1.0,Normal,Normal- (2278)
1.0,1.0,0.0,1.0,1.0,1.0,Normal,Normal- (1518)
1.0,1.0,0.0,1.0,1.0,1.0,Normal,Normal- (4326)
1.0,1.0,0.0,1.0,1.0,1.0,Normal,Normal- (3099)
1.0,1.0,0.0,1.0,1.0,1.0,Normal,Normal- (4357)
1.0,1.0,0.0,1.0,1.0,1.0,Normal,Normal- (3247)
1.0,1.0,0.0,1.0,1.0,1.0,Normal,Normal- (746)
1.0,1.0,0.0,1.0,1.0,1.0,Normal,Normal- (2775)
1.0,1.0,0.0,1.0,1.0,1.0,Normal,Normal- (426)
1.0,1.0,0.0,1.0,1.0,1.0,Normal,Normal- (2523)
1.0,1.0,0.0,1.0,1.0,1.0,Normal,Normal- (3766)
1.0,1.0,0.0,1.0,1.0,1.0,Normal,Normal- (4889)
1.0,1.0,0.0,1.0,1.0,1.0,Normal,Normal- (2141)
1.0,1.0,0.0,1.0,1.0,1.0,Normal,Normal- (3928)
1.0,1.0,0.0,1.0,1.0,1.0,Normal,Normal- (3578)
1.0,1.0,0.0,1.0,1.0,1.0,Normal,Normal- (639)
1.0,1.0,0.0,1.0,1.0,1.0,Normal,Normal- (960)
1.0,1.0,0.0,1.0,1.0,1.0,Normal,Normal- (1928)
1.0,1.0,0.0,1.0,1.0,1.0,Normal,Normal- (4659)
1.0,1.0,0.0,1.0,1.0,1.0,Normal,Normal- (2488)
1.0,1.0,0.0,1.0,1.0,1.0,Normal,Normal- (1675)
1.0,1.0,0.0,1.0,1.0,1.0,Normal,Normal- (3384)
1.0,1.0,0.0,1.0,1.0,1.0,Normal,Normal- (1526)
1.0,1.0,0.0,1.0,1.0,1.0,Normal,Normal- (4845)
1.0,1.0,0.0,1.0,1.0,1.0,Normal,Normal- (921)
1.0,1.0,0.0,1.0,1.0,1.0,Normal,Normal- (2688)
1.0,1.0,0.0,1.0,1.0,1.0,Normal,Normal- (3111)
1.0,1.0,0.0,1.0,1.0,1.0,Normal,Normal- (3949)
1.0,1.0,0.0,1.0,1.0,1.0,Normal,Normal- (4365)
1.0,1.0,0.0,1.0,1.0,1.0,Normal,Normal- (4290)
1.0,1.0,0.0,1.0,1.0,1.0,Normal,Normal- (2383)
1.0,1.0,0.0,1.0,1.0,1.0,Normal,Normal- (1371)
1.0,1.0,0.0,1.0,1.0,1.0,Normal,Normal- (3057)
1.0,1.0,0.0,1.0,1.0,1.0,Normal,Normal- (4839)
1.0,1.0,0.0,1.0,1.0,1.0,Normal,Normal- (3769)
1.0,1.0,0.0,1.0,1.0,1.0,Normal,Normal- (3154)
1.0,1.0,0.0,1.0,1.0,1.0,Normal,Normal- (944)
1.0,1.0,0.0,1.0,1.0,1.0,Normal,Normal- (1392)
1.0,1.0,0.0,1.0,1.0,1.0,Normal,Normal- (667)
1.0,1.0,0.0,1.0,1.0,1.0,Normal,Normal- (1725)
1.0,1.0,0.0,1.0,1.0,1.0,Normal,Normal- (3932)
1.0,1.0,0.0,1.0,1.0,1.0,Normal,Normal- (126)
1.0,1.0,0.0,1.0,1.0,1.0,Normal,Normal- (2348)
1.0,1.0,0.0,1.0,1.0,1.0,Normal,Normal- (339)
1.0,1.0,0.0,1.0,1.0,1.0,Normal,Normal- (1225)
1.0,1.0,0.0,1.0,1.0,1.0,Normal,Normal- (3642)
1.0,1.0,0.0,1.0,1.0,1.0,Normal,Normal- (4575)
1.0,1.0,0.0,1.0,1.0,1.0,Normal,Normal- (1313)
1.0,1.0,0.0,1.0,1.0,1.0,Normal,Normal- (2503)
1.0,1.0,0.0,1.0,1.0,1.0,Normal,Normal- (131)
1.0,1.0,0.0,1.0,1.0,1.0,Normal,Normal- (2506)
1.0,1.0,0.0,1.0,1.0,1.0,Normal,Normal- (549)
1.0,1.0,0.0,1.0,1.0,1.0,Normal,Normal- (141)
1.0,1.0,0.0,1.0,1.0,1.0,Normal,Normal- (3214)
1.0,1.0,0.0,1.0,1.0,1.0,Normal,Normal- (108)
1.0,1.0,0.0,1.0,1.0,1.0,Normal,Normal- (4713)
1.0,1.0,0.0,1.0,1.0,1.0,Normal,Normal- (700)
1.0,1.0,0.0,1.0,1.0,1.0,Normal,Normal- (4474)
1.0,1.0,0.0,1.0,1.0,1.0,Normal,Normal- (3378)
1.0,1.0,0.0,1.0,1.0,1.0,Normal,Normal- (658)
1.0,1.0,0.0,1.0,1.0,1.0,Normal,Normal- (1021)
1.0,1.0,0.0,1.0,1.0,1.0,Normal,Normal- (3959)
1.0,1.0,0.0,1.0,1.0,1.0,Normal,Normal- (413)
1.0,1.0,0.0,1.0,1.0,1.0,Normal,Normal- (1524)
1.0,1.0,0.0,1.0,1.0,1.0,Normal,Normal- (3903)
1.0,1.0,0.0,1.0,1.0,1.0,Normal,Normal- (4668)
1.0,1.0,0.0,1.0,1.0,1.0,Normal,Normal- (2270)
1.0,1.0,0.0,1.0,1.0,1.0,Normal,Normal- (2955)
1.0,1.0,0.0,1.0,1.0,1.0,Normal,Normal- (247)
1.0,1.0,0.0,1.0,1.0,1.0,Normal,Normal- (4508)
1.0,1.0,0.0,1.0,1.0,1.0,Normal,Normal- (4973)
1.0,1.0,0.0,1.0,1.0,1.0,Normal,Normal- (4652)
1.0,1.0,0.0,1.0,1.0,1.0,Normal,Normal- (2609)
1.0,1.0,0.0,1.0,1.0,1.0,Normal,Normal- (1992)
1.0,1.0,0.0,1.0,1.0,1.0,Normal,Normal- (776)
1.0,1.0,0.0,1.0,1.0,1.0,Normal,Normal- (259)
1.0,1.0,0.0,1.0,1.0,1.0,Normal,Normal- (1227)
1.0,1.0,0.0,1.0,1.0,1.0,Normal,Normal- (89)
1.0,1.0,0.0,1.0,1.0,1.0,Normal,Normal- (4553)
1.0,1.0,0.0,1.0,1.0,1.0,Normal,Normal- (283)
1.0,1.0,0.0,1.0,1.0,1.0,Normal,Normal- (494)
1.0,1.0,0.0,1.0,1.0,1.0,Normal,Normal- (3348)
1.0,1.0,0.0,1.0,1.0,1.0,Normal,Normal- (4448)
1.0,1.0,0.0,1.0,1.0,1.0,Normal,Normal- (3027)
1.0,1.0,0.0,1.0,1.0,1.0,Normal,Normal- (710)
1.0,1.0,0.0,1.0,1.0,1.0,Normal,Normal- (456)
1.0,1.0,0.0,1.0,1.0,1.0,Normal,Normal- (678)
1.0,1.0,0.0,1.0,1.0,1.0,Normal,Normal- (1282)
1.0,1.0,0.0,1.0,1.0,1.0,Normal,Normal- (3018)
1.0,1.0,0.0,1.0,1.0,1.0,Normal,Normal- (3019)
1.0,1.0,0.0,1.0,1.0,1.0,Normal,Normal- (3667)
1.0,1.0,0.0,1.0,1.0,1.0,Normal,Normal- (4167)
1.0,1.0,0.0,1.0,1.0,1.0,Normal,Normal- (2067)
1.0,1.0,0.0,1.0,1.0,1.0,Normal,Normal- (1060)
1.0,1.0,0.0,1.0,1.0,1.0,Normal,Normal- (2082)
1.0,1.0,0.0,1.0,1.0,1.0,Normal,Normal- (2812)
1.0,1.0,0.0,1.0,1.0,1.0,Normal,Normal- (1894)
1.0,1.0,0.0,1.0,1.0,1.0,Normal,Normal- (1946)
1.0,1.0,0.0,1.0,1.0,1.0,Normal,Normal- (4379)
1.0,1.0,0.0,1.0,1.0,1.0,Normal,Normal- (4777)
1.0,1.0,0.0,1.0,1.0,1.0,Normal,Normal- (1347)
1.0,1.0,0.0,1.0,1.0,1.0,Normal,Normal- (3722)
1.0,1.0,0.0,1.0,1.0,1.0,Normal,Normal- (964)
1.0,1.0,0.0,1.0,1.0,1.0,Normal,Normal- (3326)
1.0,1.0,0.0,1.0,1.0,1.0,Normal,Normal- (3874)
1.0,1.0,0.0,1.0,1.0,1.0,Normal,Normal- (705)
1.0,1.0,0.0,1.0,1.0,1.0,Normal,Normal- (1965)
1.0,1.0,0.0,1.0,1.0,1.0,Normal,Normal- (1198)
1.0,1.0,0.0,1.0,1.0,1.0,Normal,Normal- (5065)
1.0,1.0,0.0,1.0,1.0,1.0,Normal,Normal- (2959)
1.0,1.0,0.0,1.0,1.0,1.0,Normal,Normal- (3787)
1.0,1.0,0.0,1.0,1.0,1.0,Normal,Normal- (557)
1.0,1.0,0.0,1.0,1.0,1.0,Normal,Normal- (2055)
1.0,1.0,0.0,1.0,1.0,1.0,Normal,Normal- (2079)
1.0,1.0,0.0,1.0,1.0,1.0,Normal,Normal- (2774)
1.0,1.0,0.0,1.0,1.0,1.0,Normal,Normal- (580)
1.0,1.0,0.0,1.0,1.0,1.0,Normal,Normal- (4638)
1.0,1.0,0.0,1.0,1.0,1.0,Normal,Normal- (1158)
1.0,1.0,0.0,1.0,1.0,1.0,Normal,Normal- (655)
1.0,1.0,0.0,1.0,1.0,1.0,Normal,Normal- (4852)
1.0,1.0,0.0,1.0,1.0,1.0,Normal,Normal- (1590)
1.0,1.0,0.0,1.0,1.0,1.0,Normal,Normal- (2541)
1.0,1.0,0.0,1.0,1.0,1.0,Normal,Normal- (258)
1.0,1.0,0.0,1.0,1.0,1.0,Normal,Normal- (881)
1.0,1.0,0.0,1.0,1.0,1.0,Normal,Normal- (877)
1.0,1.0,0.0,1.0,1.0,1.0,Normal,Normal- (4824)
1.0,1.0,0.0,1.0,1.0,1.0,Normal,Normal- (2884)
1.0,1.0,0.0,1.0,1.0,1.0,Normal,Normal- (3410)
1.0,1.0,0.0,1.0,1.0,1.0,Normal,Normal- (698)
1.0,1.0,0.0,1.0,1.0,1.0,Normal,Normal- (2591)
1.0,1.0,0.0,1.0,1.0,1.0,Normal,Normal- (3418)
1.0,1.0,0.0,1.0,1.0,1.0,Normal,Normal- (1587)
1.0,1.0,0.0,1.0,1.0,1.0,Normal,Normal- (753)
1.0,1.0,0.0,1.0,1.0,1.0,Normal,Normal- (3704)
1.0,1.0,0.0,1.0,1.0,1.0,Normal,Normal- (2032)
1.0,1.0,0.0,1.0,1.0,1.0,Normal,Normal- (318)
1.0,1.0,0.0,1.0,1.0,1.0,Normal,Normal- (3448)
1.0,1.0,0.0,1.0,1.0,1.0,Normal,Normal- (990)
1.0,1.0,0.0,1.0,1.0,1.0,Normal,Normal- (2952)
1.0,1.0,0.0,1.0,1.0,1.0,Normal,Normal- (1196)
1.0,1.0,0.0,1.0,1.0,1.0,Normal,Normal- (4736)
1.0,1.0,0.0,1.0,1.0,1.0,Normal,Normal- (4126)
1.0,1.0,0.0,1.0,1.0,1.0,Normal,Normal- (1933)
1.0,1.0,0.0,1.0,1.0,1.0,Normal,Normal- (1037)
1.0,1.0,0.0,1.0,1.0,1.0,Normal,Normal- (1188)
1.0,1.0,0.0,1.0,1.0,1.0,Normal,Normal- (4351)
1.0,1.0,0.0,1.0,1.0,1.0,Normal,Normal- (1317)
1.0,1.0,0.0,1.0,1.0,1.0,Normal,Normal- (1941)
1.0,1.0,0.0,1.0,1.0,1.0,Normal,Normal- (2328)
1.0,1.0,0.0,1.0,1.0,1.0,Normal,Normal- (2632)
1.0,1.0,0.0,1.0,1.0,1.0,Normal,Normal- (458)
1.0,1.0,0.0,1.0,1.0,1.0,Normal,Normal- (1329)
1.0,1.0,0.0,1.0,1.0,1.0,Normal,Normal- (2526)
1.0,1.0,0.0,1.0,1.0,1.0,Normal,Normal- (4456)
1.0,1.0,0.0,1.0,1.0,1.0,Normal,Normal- (2452)
1.0,1.0,0.0,1.0,1.0,1.0,Normal,Normal- (112)
1.0,1.0,0.0,1.0,1.0,1.0,Normal,Normal- (4489)
1.0,1.0,0.0,1.0,1.0,1.0,Normal,Normal- (1040)
1.0,1.0,0.0,1.0,1.0,1.0,Normal,Normal- (847)
1.0,1.0,0.0,1.0,1.0,1.0,Normal,Normal- (239)
1.0,1.0,0.0,1.0,1.0,1.0,Normal,Normal- (308)
1.0,1.0,0.0,1.0,1.0,1.0,Normal,Normal- (4381)
1.0,1.0,0.0,1.0,1.0,1.0,Normal,Normal- (3557)
1.0,1.0,0.0,1.0,1.0,1.0,Normal,Normal- (243)
1.0,1.0,0.0,1.0,1.0,1.0,Normal,Normal- (623)
1.0,1.0,0.0,1.0,1.0,1.0,Normal,Normal- (1053)
1.0,1.0,0.0,1.0,1.0,1.0,Normal,Normal- (1966)
1.0,1.0,0.0,1.0,1.0,1.0,Normal,Normal- (238)
1.0,1.0,0.0,1.0,1.0,1.0,Normal,Normal- (1084)
1.0,1.0,0.0,1.0,1.0,1.0,Normal,Normal- (1429)
1.0,1.0,0.0,1.0,1.0,1.0,Normal,Normal- (810)
1.0,1.0,0.0,1.0,1.0,1.0,Normal,Normal- (3425)
1.0,1.0,0.0,1.0,1.0,1.0,Normal,Normal- (3695)
1.0,1.0,0.0,1.0,1.0,1.0,Normal,Normal- (4808)
1.0,1.0,0.0,1.0,1.0,1.0,Normal,Normal- (2372)
1.0,1.0,0.0,1.0,1.0,1.0,Normal,Normal- (560)
1.0,1.0,0.0,1.0,1.0,1.0,Normal,Normal- (3539)
1.0,1.0,0.0,1.0,1.0,1.0,Normal,Normal- (275)
1.0,1.0,0.0,1.0,1.0,1.0,Normal,Normal- (1289)
1.0,1.0,0.0,1.0,1.0,1.0,Normal,Normal- (3430)
1.0,1.0,0.0,1.0,1.0,1.0,Normal,Normal- (4949)
1.0,1.0,0.0,1.0,1.0,1.0,Normal,Normal- (2889)
1.0,1.0,0.0,1.0,1.0,1.0,Normal,Normal- (4459)
1.0,1.0,0.0,1.0,1.0,1.0,Normal,Normal- (2789)
1.0,1.0,0.0,1.0,1.0,1.0,Normal,Normal- (190)
1.0,1.0,0.0,1.0,1.0,1.0,Normal,Normal- (2280)
1.0,1.0,0.0,1.0,1.0,1.0,Normal,Normal- (429)
1.0,1.0,0.0,1.0,1.0,1.0,Normal,Normal- (1721)
1.0,1.0,0.0,1.0,1.0,1.0,Normal,Normal- (1260)
1.0,1.0,0.0,1.0,1.0,1.0,Normal,Normal- (4664)
1.0,1.0,0.0,1.0,1.0,1.0,Normal,Normal- (4478)
1.0,1.0,0.0,1.0,1.0,1.0,Normal,Normal- (1479)
1.0,1.0,0.0,1.0,1.0,1.0,Normal,Normal- (2449)
1.0,1.0,0.0,1.0,1.0,1.0,Normal,Normal- (851)
1.0,1.0,0.0,1.0,1.0,1.0,Normal,Normal- (2028)
1.0,1.0,0.0,1.0,1.0,1.0,Normal,Normal- (2566)
1.0,1.0,0.0,1.0,1.0,1.0,Normal,Normal- (3356)
1.0,1.0,0.0,1.0,1.0,1.0,Normal,Normal- (600)
1.0,1.0,0.0,1.0,1.0,1.0,Normal,Normal- (2465)
1.0,1.0,0.0,1.0,1.0,1.0,Normal,Normal- (5034)
1.0,1.0,0.0,1.0,1.0,1.0,Normal,Normal- (1384)
1.0,1.0,0.0,1.0,1.0,1.0,Normal,Normal- (4160)
1.0,1.0,0.0,1.0,1.0,1.0,Normal,Normal- (2491)
1.0,1.0,0.0,1.0,1.0,1.0,Normal,Normal- (4250)
1.0,1.0,0.0,1.0,1.0,1.0,Normal,Normal- (3551)
1.0,1.0,0.0,1.0,1.0,1.0,Normal,Normal- (2353)
1.0,1.0,0.0,1.0,1.0,1.0,Normal,Normal- (2569)
1.0,1.0,0.0,1.0,1.0,1.0,Normal,Normal- (709)
1.0,1.0,0.0,1.0,1.0,1.0,Normal,Normal- (872)
1.0,1.0,0.0,1.0,1.0,1.0,Normal,Normal- (2092)
1.0,1.0,0.0,1.0,1.0,1.0,Normal,Normal- (4585)
1.0,1.0,0.0,1.0,1.0,1.0,Normal,Normal- (2335)
1.0,1.0,0.0,1.0,1.0,1.0,Normal,Normal- (1744)
1.0,1.0,0.0,1.0,1.0,1.0,Normal,Normal- (4863)
1.0,1.0,0.0,1.0,1.0,1.0,Normal,Normal- (566)
1.0,1.0,0.0,1.0,1.0,1.0,Normal,Normal- (926)
1.0,1.0,0.0,1.0,1.0,1.0,Normal,Normal- (2451)
1.0,1.0,0.0,1.0,1.0,1.0,Normal,Normal- (4472)
1.0,1.0,0.0,1.0,1.0,1.0,Normal,Normal- (2264)
1.0,1.0,0.0,1.0,1.0,1.0,Normal,Normal- (1707)
1.0,1.0,0.0,1.0,1.0,1.0,Normal,Normal- (4525)
1.0,1.0,0.0,1.0,1.0,1.0,Normal,Normal- (4)
1.0,1.0,0.0,1.0,1.0,1.0,Normal,Normal- (202)
1.0,1.0,0.0,1.0,1.0,1.0,Normal,Normal- (4881)
1.0,1.0,0.0,1.0,1.0,1.0,Normal,Normal- (3077)
1.0,1.0,0.0,1.0,1.0,1.0,Normal,Normal- (3222)
1.0,1.0,0.0,1.0,1.0,1.0,Normal,Normal- (617)
1.0,1.0,0.0,1.0,1.0,1.0,Normal,Normal- (4936)
1.0,1.0,0.0,1.0,1.0,1.0,Normal,Normal- (1986)
1.0,1.0,0.0,1.0,1.0,1.0,Normal,Normal- (3820)
1.0,1.0,0.0,1.0,1.0,1.0,Normal,Normal- (2410)
1.0,1.0,0.0,1.0,1.0,1.0,Normal,Normal- (4314)
1.0,1.0,0.0,1.0,1.0,1.0,Normal,Normal- (1990)
1.0,1.0,0.0,1.0,1.0,1.0,Normal,Normal- (3003)
1.0,1.0,0.0,1.0,1.0,1.0,Normal,Normal- (1061)
1.0,1.0,0.0,1.0,1.0,1.0,Normal,Normal- (1908)
1.0,1.0,0.0,1.0,1.0,1.0,Normal,Normal- (2690)
1.0,1.0,0.0,1.0,1.0,1.0,Normal,Normal- (2954)
1.0,1.0,0.0,1.0,1.0,1.0,Normal,Normal- (2453)
1.0,1.0,0.0,1.0,1.0,1.0,Normal,Normal- (4013)
1.0,1.0,0.0,1.0,1.0,1.0,Normal,Normal- (1980)
1.0,1.0,0.0,1.0,1.0,1.0,Normal,Normal- (957)
1.0,1.0,0.0,1.0,1.0,1.0,Normal,Normal- (2675)
1.0,1.0,0.0,1.0,1.0,1.0,Normal,Normal- (865)
1.0,1.0,0.0,1.0,1.0,1.0,Normal,Normal- (1650)
1.0,1.0,0.0,1.0,1.0,1.0,Normal,Normal- (3891)
1.0,1.0,0.0,1.0,1.0,1.0,Normal,Normal- (882)
1.0,1.0,0.0,1.0,1.0,1.0,Normal,Normal- (574)
1.0,1.0,0.0,1.0,1.0,1.0,Normal,Normal- (2575)
1.0,1.0,0.0,1.0,1.0,1.0,Normal,Normal- (69)
1.0,1.0,0.0,1.0,1.0,1.0,Normal,Normal- (3387)
1.0,1.0,0.0,1.0,1.0,1.0,Normal,Normal- (4487)
1.0,1.0,0.0,1.0,1.0,1.0,Normal,Normal- (879)
1.0,1.0,0.0,1.0,1.0,1.0,Normal,Normal- (193)
1.0,1.0,0.0,1.0,1.0,1.0,Normal,Normal- (1856)
1.0,1.0,0.0,1.0,1.0,1.0,Normal,Normal- (2975)
1.0,1.0,0.0,1.0,1.0,1.0,Normal,Normal- (3272)
1.0,1.0,0.0,1.0,1.0,1.0,Normal,Normal- (1667)
1.0,1.0,0.0,1.0,1.0,1.0,Normal,Normal- (527)
1.0,1.0,0.0,1.0,1.0,1.0,Normal,Normal- (3790)
1.0,1.0,0.0,1.0,1.0,1.0,Normal,Normal- (2792)
1.0,1.0,0.0,1.0,1.0,1.0,Normal,Normal- (32)
1.0,1.0,0.0,1.0,1.0,1.0,Normal,Normal- (3608)
1.0,1.0,0.0,1.0,1.0,1.0,Normal,Normal- (4153)
1.0,1.0,0.0,1.0,1.0,1.0,Normal,Normal- (2388)
1.0,1.0,0.0,1.0,1.0,1.0,Normal,Normal- (4957)
1.0,1.0,0.0,1.0,1.0,1.0,Normal,Normal- (4301)
1.0,1.0,0.0,1.0,1.0,1.0,Normal,Normal- (2879)
1.0,1.0,0.0,1.0,1.0,1.0,Normal,Normal- (908)
1.0,1.0,0.0,1.0,1.0,1.0,Normal,Normal- (742)
1.0,1.0,0.0,1.0,1.0,1.0,Normal,Normal- (257)
1.0,1.0,0.0,1.0,1.0,1.0,Normal,Normal- (4791)
1.0,1.0,0.0,1.0,1.0,1.0,Normal,Normal- (2208)
1.0,1.0,0.0,1.0,1.0,1.0,Normal,Normal- (1208)
1.0,1.0,0.0,1.0,1.0,1.0,Normal,Normal- (1967)
1.0,1.0,0.0,1.0,1.0,1.0,Normal,Normal- (602)
1.0,1.0,0.0,1.0,1.0,1.0,Normal,Normal- (1762)
1.0,1.0,0.0,1.0,1.0,1.0,Normal,Normal- (1569)
1.0,1.0,0.0,1.0,1.0,1.0,Normal,Normal- (3267)
1.0,1.0,0.0,1.0,1.0,1.0,Normal,Normal- (1372)
1.0,1.0,0.0,1.0,1.0,1.0,Normal,Normal- (2283)
1.0,1.0,0.0,1.0,1.0,1.0,Normal,Normal- (2606)
1.0,1.0,0.0,1.0,1.0,1.0,Normal,Normal- (675)
1.0,1.0,0.0,1.0,1.0,1.0,Normal,Normal- (1925)
1.0,1.0,0.0,1.0,1.0,1.0,Normal,Normal- (619)
1.0,1.0,0.0,1.0,1.0,1.0,Normal,Normal- (626)
1.0,1.0,0.0,1.0,1.0,1.0,Normal,Normal- (1013)
1.0,1.0,0.0,1.0,1.0,1.0,Normal,Normal- (2143)
1.0,1.0,0.0,1.0,1.0,1.0,Normal,Normal- (727)
1.0,1.0,0.0,1.0,1.0,1.0,Normal,Normal- (2621)
1.0,1.0,0.0,1.0,1.0,1.0,Normal,Normal- (4545)
1.0,1.0,0.0,1.0,1.0,1.0,Normal,Normal- (1535)
1.0,1.0,0.0,1.0,1.0,1.0,Normal,Normal- (4684)
1.0,1.0,0.0,1.0,1.0,1.0,Normal,Normal- (2999)
1.0,1.0,0.0,1.0,1.0,1.0,Normal,Normal- (321)
1.0,1.0,0.0,1.0,1.0,1.0,Normal,Normal- (2434)
1.0,1.0,0.0,1.0,1.0,1.0,Normal,Normal- (64)
1.0,1.0,0.0,1.0,1.0,1.0,Normal,Normal- (4276)
1.0,1.0,0.0,1.0,1.0,1.0,Normal,Normal- (1332)
1.0,1.0,0.0,1.0,1.0,1.0,Normal,Normal- (759)
1.0,1.0,0.0,1.0,1.0,1.0,Normal,Normal- (2683)
1.0,1.0,0.0,1.0,1.0,1.0,Normal,Normal- (284)
1.0,1.0,0.0,1.0,1.0,1.0,Normal,Normal- (1537)
1.0,1.0,0.0,1.0,1.0,1.0,Normal,Normal- (1607)
1.0,1.0,0.0,1.0,1.0,1.0,Normal,Normal- (1212)
1.0,1.0,0.0,1.0,1.0,1.0,Normal,Normal- (4163)
1.0,1.0,0.0,1.0,1.0,1.0,Normal,Normal- (2236)
1.0,1.0,0.0,1.0,1.0,1.0,Normal,Normal- (421)
1.0,1.0,0.0,1.0,1.0,1.0,Normal,Normal- (4001)
1.0,1.0,0.0,1.0,1.0,1.0,Normal,Normal- (4893)
1.0,1.0,0.0,1.0,1.0,1.0,Normal,Normal- (1066)
1.0,1.0,0.0,1.0,1.0,1.0,Normal,Normal- (528)
1.0,1.0,0.0,1.0,1.0,1.0,Normal,Normal- (3504)
1.0,1.0,0.0,1.0,1.0,1.0,Normal,Normal- (4543)
1.0,1.0,0.0,1.0,1.0,1.0,Normal,Normal- (440)
1.0,1.0,0.0,1.0,1.0,1.0,Normal,Normal- (3710)
1.0,1.0,0.0,1.0,1.0,1.0,Normal,Normal- (3158)
1.0,1.0,0.0,1.0,1.0,1.0,Normal,Normal- (2800)
1.0,1.0,0.0,1.0,1.0,1.0,Normal,Normal- (3110)
1.0,1.0,0.0,1.0,1.0,1.0,Normal,Normal- (245)
1.0,1.0,0.0,1.0,1.0,1.0,Normal,Normal- (4068)
1.0,1.0,0.0,1.0,1.0,1.0,Normal,Normal- (4888)
1.0,1.0,0.0,1.0,1.0,1.0,Normal,Normal- (1837)
1.0,1.0,0.0,1.0,1.0,1.0,Normal,Normal- (2014)
1.0,1.0,0.0,1.0,1.0,1.0,Normal,Normal- (1085)
1.0,1.0,0.0,1.0,1.0,1.0,Normal,Normal- (177)
1.0,1.0,0.0,1.0,1.0,1.0,Normal,Normal- (2133)
1.0,1.0,0.0,1.0,1.0,1.0,Normal,Normal- (3918)
1.0,1.0,0.0,1.0,1.0,1.0,Normal,Normal- (1558)
1.0,1.0,0.0,1.0,1.0,1.0,Normal,Normal- (3131)
1.0,1.0,0.0,1.0,1.0,1.0,Normal,Normal- (4378)
1.0,1.0,0.0,1.0,1.0,1.0,Normal,Normal- (1508)
1.0,1.0,0.0,1.0,1.0,1.0,Normal,Normal- (2671)
1.0,1.0,0.0,1.0,1.0,1.0,Normal,Normal- (445)
1.0,1.0,0.0,1.0,1.0,1.0,Normal,Normal- (1672)
1.0,1.0,0.0,1.0,1.0,1.0,Normal,Normal- (2599)
1.0,1.0,0.0,1.0,1.0,1.0,Normal,Normal- (1044)
1.0,1.0,0.0,1.0,1.0,1.0,Normal,Normal- (1936)
1.0,1.0,0.0,1.0,1.0,1.0,Normal,Normal- (4120)
1.0,1.0,0.0,1.0,1.0,1.0,Normal,Normal- (4651)
1.0,1.0,0.0,1.0,1.0,1.0,Normal,Normal- (4061)
1.0,1.0,0.0,1.0,1.0,1.0,Normal,Normal- (148)
1.0,1.0,0.0,1.0,1.0,1.0,Normal,Normal- (4643)
1.0,1.0,0.0,1.0,1.0,1.0,Normal,Normal- (3966)
1.0,1.0,0.0,1.0,1.0,1.0,Normal,Normal- (3594)
1.0,1.0,0.0,1.0,1.0,1.0,Normal,Normal- (1398)
1.0,1.0,0.0,1.0,1.0,1.0,Normal,Normal- (662)
1.0,1.0,0.0,1.0,1.0,1.0,Normal,Normal- (1174)
1.0,1.0,0.0,1.0,1.0,1.0,Normal,Normal- (967)
1.0,1.0,0.0,1.0,1.0,1.0,Normal,Normal- (2360)
1.0,1.0,0.0,1.0,1.0,1.0,Normal,Normal- (419)
1.0,1.0,0.0,1.0,1.0,1.0,Normal,Normal- (4974)
1.0,1.0,0.0,1.0,1.0,1.0,Normal,Normal- (3796)
1.0,1.0,0.0,1.0,1.0,1.0,Normal,Normal- (2850)
1.0,1.0,0.0,1.0,1.0,1.0,Normal,Normal- (480)
1.0,1.0,0.0,1.0,1.0,1.0,Normal,Normal- (3377)
1.0,1.0,0.0,1.0,1.0,1.0,Normal,Normal- (3744)
1.0,1.0,0.0,1.0,1.0,1.0,Normal,Normal- (1915)
1.0,1.0,0.0,1.0,1.0,1.0,Normal,Normal- (1579)
1.0,1.0,0.0,1.0,1.0,1.0,Normal,Normal- (1802)
1.0,1.0,0.0,1.0,1.0,1.0,Normal,Normal- (4501)
1.0,1.0,0.0,1.0,1.0,1.0,Normal,Normal- (4415)
1.0,1.0,0.0,1.0,1.0,1.0,Normal,Normal- (5022)
1.0,1.0,0.0,1.0,1.0,1.0,Normal,Normal- (1106)
1.0,1.0,0.0,1.0,1.0,1.0,Normal,Normal- (2061)
1.0,1.0,0.0,1.0,1.0,1.0,Normal,Normal- (3665)
1.0,1.0,0.0,1.0,1.0,1.0,Normal,Normal- (3834)
1.0,1.0,0.0,1.0,1.0,1.0,Normal,Normal- (898)
1.0,1.0,0.0,1.0,1.0,1.0,Normal,Normal- (3271)
1.0,1.0,0.0,1.0,1.0,1.0,Normal,Normal- (3081)
1.0,1.0,0.0,1.0,1.0,1.0,Normal,Normal- (1119)
1.0,1.0,0.0,1.0,1.0,1.0,Normal,Normal- (717)
1.0,1.0,0.0,1.0,1.0,1.0,Normal,Normal- (484)
1.0,1.0,0.0,1.0,1.0,1.0,Normal,Normal- (2908)
1.0,1.0,0.0,1.0,1.0,1.0,Normal,Normal- (86)
1.0,1.0,0.0,1.0,1.0,1.0,Normal,Normal- (1164)
1.0,1.0,0.0,1.0,1.0,1.0,Normal,Normal- (3571)
1.0,1.0,0.0,1.0,1.0,1.0,Normal,Normal- (2568)
1.0,1.0,0.0,1.0,1.0,1.0,Normal,Normal- (1459)
1.0,1.0,0.0,1.0,1.0,1.0,Normal,Normal- (3633)
1.0,1.0,0.0,1.0,1.0,1.0,Normal,Normal- (1054)
1.0,1.0,0.0,1.0,1.0,1.0,Normal,Normal- (3922)
1.0,1.0,0.0,1.0,1.0,1.0,Normal,Normal- (4646)
1.0,1.0,0.0,1.0,1.0,1.0,Normal,Normal- (4454)
1.0,1.0,0.0,1.0,1.0,1.0,Normal,Normal- (4328)
1.0,1.0,0.0,1.0,1.0,1.0,Normal,Normal- (4090)
1.0,1.0,0.0,1.0,1.0,1.0,Normal,Normal- (1224)
1.0,1.0,0.0,1.0,1.0,1.0,Normal,Normal- (1561)
1.0,1.0,0.0,1.0,1.0,1.0,Normal,Normal- (1819)
1.0,1.0,0.0,1.0,1.0,1.0,Normal,Normal- (3550)
1.0,1.0,0.0,1.0,1.0,1.0,Normal,Normal- (3419)
1.0,1.0,0.0,1.0,1.0,1.0,Normal,Normal- (3421)
1.0,1.0,0.0,1.0,1.0,1.0,Normal,Normal- (1108)
1.0,1.0,0.0,1.0,1.0,1.0,Normal,Normal- (380)
1.0,1.0,0.0,1.0,1.0,1.0,Normal,Normal- (2602)
1.0,1.0,0.0,1.0,1.0,1.0,Normal,Normal- (379)
1.0,1.0,0.0,1.0,1.0,1.0,Normal,Normal- (4948)
1.0,1.0,0.0,1.0,1.0,1.0,Normal,Normal- (3296)
1.0,1.0,0.0,1.0,1.0,1.0,Normal,Normal- (1509)
1.0,1.0,0.0,1.0,1.0,1.0,Normal,Normal- (4828)
1.0,1.0,0.0,1.0,1.0,1.0,Normal,Normal- (4945)
1.0,1.0,0.0,1.0,1.0,1.0,Normal,Normal- (1622)
1.0,1.0,0.0,1.0,1.0,1.0,Normal,Normal- (4559)
1.0,1.0,0.0,1.0,1.0,1.0,Normal,Normal- (2063)
1.0,1.0,0.0,1.0,1.0,1.0,Normal,Normal- (1879)
1.0,1.0,0.0,1.0,1.0,1.0,Normal,Normal- (214)
1.0,1.0,0.0,1.0,1.0,1.0,Normal,Normal- (4022)
1.0,1.0,0.0,1.0,1.0,1.0,Normal,Normal- (4528)
1.0,1.0,0.0,1.0,1.0,1.0,Normal,Normal- (3828)
1.0,1.0,0.0,1.0,1.0,1.0,Normal,Normal- (1647)
1.0,1.0,0.0,1.0,1.0,1.0,Normal,Normal- (3697)
1.0,1.0,0.0,1.0,1.0,1.0,Normal,Normal- (2893)
1.0,1.0,0.0,1.0,1.0,1.0,Normal,Normal- (2340)
1.0,1.0,0.0,1.0,1.0,1.0,Normal,Normal- (2649)
1.0,1.0,0.0,1.0,1.0,1.0,Normal,Normal- (3976)
1.0,1.0,0.0,1.0,1.0,1.0,Normal,Normal- (1540)
1.0,1.0,0.0,1.0,1.0,1.0,Normal,Normal- (858)
1.0,1.0,0.0,1.0,1.0,1.0,Normal,Normal- (3279)
1.0,1.0,0.0,1.0,1.0,1.0,Normal,Normal- (4408)
1.0,1.0,0.0,1.0,1.0,1.0,Normal,Normal- (441)
1.0,1.0,0.0,1.0,1.0,1.0,Normal,Normal- (4215)
1.0,1.0,0.0,1.0,1.0,1.0,Normal,Normal- (1285)
1.0,1.0,0.0,1.0,1.0,1.0,Normal,Normal- (3508)
1.0,1.0,0.0,1.0,1.0,1.0,Normal,Normal- (1822)
1.0,1.0,0.0,1.0,1.0,1.0,Normal,Normal- (1245)
1.0,1.0,0.0,1.0,1.0,1.0,Normal,Normal- (2764)
1.0,1.0,0.0,1.0,1.0,1.0,Normal,Normal- (1493)
1.0,1.0,0.0,1.0,1.0,1.0,Normal,Normal- (3072)
1.0,1.0,0.0,1.0,1.0,1.0,Normal,Normal- (232)
1.0,1.0,0.0,1.0,1.0,1.0,Normal,Normal- (900)
1.0,1.0,0.0,1.0,1.0,1.0,Normal,Normal- (373)
1.0,1.0,0.0,1.0,1.0,1.0,Normal,Normal- (1543)
1.0,1.0,0.0,1.0,1.0,1.0,Normal,Normal- (1917)
1.0,1.0,0.0,1.0,1.0,1.0,Normal,Normal- (1473)
1.0,1.0,0.0,1.0,1.0,1.0,Normal,Normal- (4124)
1.0,1.0,0.0,1.0,1.0,1.0,Normal,Normal- (3177)
1.0,1.0,0.0,1.0,1.0,1.0,Normal,Normal- (3236)
1.0,1.0,0.0,1.0,1.0,1.0,Normal,Normal- (1745)
1.0,1.0,0.0,1.0,1.0,1.0,Normal,Normal- (4507)
1.0,1.0,0.0,1.0,1.0,1.0,Normal,Normal- (840)
1.0,1.0,0.0,1.0,1.0,1.0,Normal,Normal- (2725)
1.0,1.0,0.0,1.0,1.0,1.0,Normal,Normal- (209)
1.0,1.0,0.0,1.0,1.0,1.0,Normal,Normal- (1267)
1.0,1.0,0.0,1.0,1.0,1.0,Normal,Normal- (106)
1.0,1.0,0.0,1.0,1.0,1.0,Normal,Normal- (3354)
1.0,1.0,0.0,1.0,1.0,1.0,Normal,Normal- (2499)
1.0,1.0,0.0,1.0,1.0,1.0,Normal,Normal- (3007)
1.0,1.0,0.0,1.0,1.0,1.0,Normal,Normal- (4546)
1.0,1.0,0.0,1.0,1.0,1.0,Normal,Normal- (631)
1.0,1.0,0.0,1.0,1.0,1.0,Normal,Normal- (4667)
1.0,1.0,0.0,1.0,1.0,1.0,Normal,Normal- (3330)
1.0,1.0,0.0,1.0,1.0,1.0,Normal,Normal- (1133)
1.0,1.0,0.0,1.0,1.0,1.0,Normal,Normal- (168)
1.0,1.0,0.0,1.0,1.0,1.0,Normal,Normal- (2088)
1.0,1.0,0.0,1.0,1.0,1.0,Normal,Normal- (3294)
1.0,1.0,0.0,1.0,1.0,1.0,Normal,Normal- (811)
1.0,1.0,0.0,1.0,1.0,1.0,Normal,Normal- (4436)
1.0,1.0,0.0,1.0,1.0,1.0,Normal,Normal- (3329)
1.0,1.0,0.0,1.0,1.0,1.0,Normal,Normal- (2118)
1.0,1.0,0.0,1.0,1.0,1.0,Normal,Normal- (2750)
1.0,1.0,0.0,1.0,1.0,1.0,Normal,Normal- (1337)
1.0,1.0,0.0,1.0,1.0,1.0,Normal,Normal- (724)
1.0,1.0,0.0,1.0,1.0,1.0,Normal,Normal- (3482)
1.0,1.0,0.0,1.0,1.0,1.0,Normal,Normal- (1772)
1.0,1.0,0.0,1.0,1.0,1.0,Normal,Normal- (2366)
1.0,1.0,0.0,1.0,1.0,1.0,Normal,Normal- (2659)
1.0,1.0,0.0,1.0,1.0,1.0,Normal,Normal- (1339)
1.0,1.0,0.0,1.0,1.0,1.0,Normal,Normal- (3998)
1.0,1.0,0.0,1.0,1.0,1.0,Normal,Normal- (3128)
1.0,1.0,0.0,1.0,1.0,1.0,Normal,Normal- (3950)
1.0,1.0,0.0,1.0,1.0,1.0,Normal,Normal- (1900)
1.0,1.0,0.0,1.0,1.0,1.0,Normal,Normal- (3592)
1.0,1.0,0.0,1.0,1.0,1.0,Normal,Normal- (983)
1.0,1.0,0.0,1.0,1.0,1.0,Normal,Normal- (491)
1.0,1.0,0.0,1.0,1.0,1.0,Normal,Normal- (2281)
1.0,1.0,0.0,1.0,1.0,1.0,Normal,Normal- (590)
1.0,1.0,0.0,1.0,1.0,1.0,Normal,Normal- (360)
1.0,1.0,0.0,1.0,1.0,1.0,Normal,Normal- (3108)
1.0,1.0,0.0,1.0,1.0,1.0,Normal,Normal- (3106)
1.0,1.0,0.0,1.0,1.0,1.0,Normal,Normal- (1713)
1.0,1.0,0.0,1.0,1.0,1.0,Normal,Normal- (3323)
1.0,1.0,0.0,1.0,1.0,1.0,Normal,Normal- (1756)
1.0,1.0,0.0,1.0,1.0,1.0,Normal,Normal- (4375)
1.0,1.0,0.0,1.0,1.0,1.0,Normal,Normal- (2231)
1.0,1.0,0.0,1.0,1.0,1.0,Normal,Normal- (1156)
1.0,1.0,0.0,1.0,1.0,1.0,Normal,Normal- (4989)
1.0,1.0,0.0,1.0,1.0,1.0,Normal,Normal- (3776)
1.0,1.0,0.0,1.0,1.0,1.0,Normal,Normal- (4518)
1.0,1.0,0.0,1.0,1.0,1.0,Normal,Normal- (1039)
1.0,1.0,0.0,1.0,1.0,1.0,Normal,Normal- (3558)
1.0,1.0,0.0,1.0,1.0,1.0,Normal,Normal- (552)
1.0,1.0,0.0,1.0,1.0,1.0,Normal,Normal- (2548)
1.0,1.0,0.0,1.0,1.0,1.0,Normal,Normal- (766)
1.0,1.0,0.0,1.0,1.0,1.0,Normal,Normal- (1805)
1.0,1.0,0.0,1.0,1.0,1.0,Normal,Normal- (4214)
1.0,1.0,0.0,1.0,1.0,1.0,Normal,Normal- (3530)
1.0,1.0,0.0,1.0,1.0,1.0,Normal,Normal- (3815)
1.0,1.0,0.0,1.0,1.0,1.0,Normal,Normal- (71)
1.0,1.0,0.0,1.0,1.0,1.0,Normal,Normal- (3139)
1.0,1.0,0.0,1.0,1.0,1.0,Normal,Normal- (4300)
1.0,1.0,0.0,1.0,1.0,1.0,Normal,Normal- (3886)
1.0,1.0,0.0,1.0,1.0,1.0,Normal,Normal- (377)
1.0,1.0,0.0,1.0,1.0,1.0,Normal,Normal- (402)
1.0,1.0,0.0,1.0,1.0,1.0,Normal,Normal- (1253)
1.0,1.0,0.0,1.0,1.0,1.0,Normal,Normal- (579)
1.0,1.0,0.0,1.0,1.0,1.0,Normal,Normal- (4527)
1.0,1.0,0.0,1.0,1.0,1.0,Normal,Normal- (2222)
1.0,1.0,0.0,1.0,1.0,1.0,Normal,Normal- (3238)
1.0,1.0,0.0,1.0,1.0,1.0,Normal,Normal- (4899)
1.0,1.0,0.0,1.0,1.0,1.0,Normal,Normal- (4376)
1.0,1.0,0.0,1.0,1.0,1.0,Normal,Normal- (889)
1.0,1.0,0.0,1.0,1.0,1.0,Normal,Normal- (4322)
1.0,1.0,0.0,1.0,1.0,1.0,Normal,Normal- (897)
1.0,1.0,0.0,1.0,1.0,1.0,Normal,Normal- (701)
1.0,1.0,0.0,1.0,1.0,1.0,Normal,Normal- (565)
1.0,1.0,0.0,1.0,1.0,1.0,Normal,Normal- (4268)
1.0,1.0,0.0,1.0,1.0,1.0,Normal,Normal- (2595)
1.0,1.0,0.0,1.0,1.0,1.0,Normal,Normal- (3500)
1.0,1.0,0.0,1.0,1.0,1.0,Normal,Normal- (2977)
1.0,1.0,0.0,1.0,1.0,1.0,Normal,Normal- (2971)
1.0,1.0,0.0,1.0,1.0,1.0,Normal,Normal- (1975)
1.0,1.0,0.0,1.0,1.0,1.0,Normal,Normal- (4157)
1.0,1.0,0.0,1.0,1.0,1.0,Normal,Normal- (597)
1.0,1.0,0.0,1.0,1.0,1.0,Normal,Normal- (4870)
1.0,1.0,0.0,1.0,1.0,1.0,Normal,Normal- (3391)
1.0,1.0,0.0,1.0,1.0,1.0,Normal,Normal- (2608)
1.0,1.0,0.0,1.0,1.0,1.0,Normal,Normal- (1088)
1.0,1.0,0.0,1.0,1.0,1.0,Normal,Normal- (2563)
1.0,1.0,0.0,1.0,1.0,1.0,Normal,Normal- (2250)
1.0,1.0,0.0,1.0,1.0,1.0,Normal,Normal- (2291)
1.0,1.0,0.0,1.0,1.0,1.0,Normal,Normal- (4248)
1.0,1.0,0.0,1.0,1.0,1.0,Normal,Normal- (1314)
1.0,1.0,0.0,1.0,1.0,1.0,Normal,Normal- (4930)
1.0,1.0,0.0,1.0,1.0,1.0,Normal,Normal- (645)
1.0,1.0,0.0,1.0,1.0,1.0,Normal,Normal- (461)
1.0,1.0,0.0,1.0,1.0,1.0,Normal,Normal- (4829)
1.0,1.0,0.0,1.0,1.0,1.0,Normal,Normal- (1645)
1.0,1.0,0.0,1.0,1.0,1.0,Normal,Normal- (3509)
1.0,1.0,0.0,1.0,1.0,1.0,Normal,Normal- (3528)
1.0,1.0,0.0,1.0,1.0,1.0,Normal,Normal- (4028)
1.0,1.0,0.0,1.0,1.0,1.0,Normal,Normal- (2444)
1.0,1.0,0.0,1.0,1.0,1.0,Normal,Normal- (1276)
1.0,1.0,0.0,1.0,1.0,1.0,Normal,Normal- (2706)
1.0,1.0,0.0,1.0,1.0,1.0,Normal,Normal- (1749)
1.0,1.0,0.0,1.0,1.0,1.0,Normal,Normal- (1328)
1.0,1.0,0.0,1.0,1.0,1.0,Normal,Normal- (2571)
1.0,1.0,0.0,1.0,1.0,1.0,Normal,Normal- (2930)
1.0,1.0,0.0,1.0,1.0,1.0,Normal,Normal- (4427)
1.0,1.0,0.0,1.0,1.0,1.0,Normal,Normal- (4499)
1.0,1.0,0.0,1.0,1.0,1.0,Normal,Normal- (4831)
1.0,1.0,0.0,1.0,1.0,1.0,Normal,Normal- (1853)
1.0,1.0,0.0,1.0,1.0,1.0,Normal,Normal- (4181)
1.0,1.0,0.0,1.0,1.0,1.0,Normal,Normal- (1015)
1.0,1.0,0.0,1.0,1.0,1.0,Normal,Normal- (2639)
1.0,1.0,0.0,1.0,1.0,1.0,Normal,Normal- (2164)
1.0,1.0,0.0,1.0,1.0,1.0,Normal,Normal- (3593)
1.0,1.0,0.0,1.0,1.0,1.0,Normal,Normal- (1195)
1.0,1.0,0.0,1.0,1.0,1.0,Normal,Normal- (3565)
1.0,1.0,0.0,1.0,1.0,1.0,Normal,Normal- (1393)
1.0,1.0,0.0,1.0,1.0,1.0,Normal,Normal- (4353)
1.0,1.0,0.0,1.0,1.0,1.0,Normal,Normal- (2846)
1.0,1.0,0.0,1.0,1.0,1.0,Normal,Normal- (2486)
1.0,1.0,0.0,1.0,1.0,1.0,Normal,Normal- (4332)
1.0,1.0,0.0,1.0,1.0,1.0,Normal,Normal- (4496)
1.0,1.0,0.0,1.0,1.0,1.0,Normal,Normal- (946)
1.0,1.0,0.0,1.0,1.0,1.0,Normal,Normal- (792)
1.0,1.0,0.0,1.0,1.0,1.0,Normal,Normal- (4649)
1.0,1.0,0.0,1.0,1.0,1.0,Normal,Normal- (454)
1.0,1.0,0.0,1.0,1.0,1.0,Normal,Normal- (1720)
1.0,1.0,0.0,1.0,1.0,1.0,Normal,Normal- (3791)
1.0,1.0,0.0,1.0,1.0,1.0,Normal,Normal- (3498)
1.0,1.0,0.0,1.0,1.0,1.0,Normal,Normal- (4462)
1.0,1.0,0.0,1.0,1.0,1.0,Normal,Normal- (227)
1.0,1.0,0.0,1.0,1.0,1.0,Normal,Normal- (1522)
1.0,1.0,0.0,1.0,1.0,1.0,Normal,Normal- (1181)
1.0,1.0,0.0,1.0,1.0,1.0,Normal,Normal- (5047)
1.0,1.0,0.0,1.0,1.0,1.0,Normal,Normal- (4178)
1.0,1.0,0.0,1.0,1.0,1.0,Normal,Normal- (1849)
1.0,1.0,0.0,1.0,1.0,1.0,Normal,Normal- (3088)
1.0,1.0,0.0,1.0,1.0,1.0,Normal,Normal- (3215)
1.0,1.0,0.0,1.0,1.0,1.0,Normal,Normal- (417)
1.0,1.0,0.0,1.0,1.0,1.0,Normal,Normal- (3844)
1.0,1.0,0.0,1.0,1.0,1.0,Normal,Normal- (1867)
1.0,1.0,0.0,1.0,1.0,1.0,Normal,Normal- (1985)
1.0,1.0,0.0,1.0,1.0,1.0,Normal,Normal- (920)
1.0,1.0,0.0,1.0,1.0,1.0,Normal,Normal- (4986)
1.0,1.0,0.0,1.0,1.0,1.0,Normal,Normal- (4392)
1.0,1.0,0.0,1.0,1.0,1.0,Normal,Normal- (880)
1.0,1.0,0.0,1.0,1.0,1.0,Normal,Normal- (1464)
1.0,1.0,0.0,1.0,1.0,1.0,Normal,Normal- (2116)
1.0,1.0,0.0,1.0,1.0,1.0,Normal,Normal- (4641)
1.0,1.0,0.0,1.0,1.0,1.0,Normal,Normal- (2746)
1.0,1.0,0.0,1.0,1.0,1.0,Normal,Normal- (160)
1.0,1.0,0.0,1.0,1.0,1.0,Normal,Normal- (493)
1.0,1.0,0.0,1.0,1.0,1.0,Normal,Normal- (2337)
1.0,1.0,0.0,1.0,1.0,1.0,Normal,Normal- (918)
0.2687,0.1552,73.8055,0.1639,0.7455,0.2687,Tumor,Tumor- (61)
0.0,0.0,149.8574,0.0,0.0,0.0,Tumor,Tumor- (957)
0.0,0.0,247.2787,0.0,0.0,0.0,Tumor,Tumor- (1583)
0.0,0.0,169.0868,0.0,0.0,0.0,Tumor,Tumor- (840)
0.0,0.0,178.3194,0.0,0.0,0.0,Tumor,Tumor- (1382)
0.0,0.0,170.0029,0.0,0.0,0.0,Tumor,Tumor- (845)
0.0,0.0,181.0876,0.0,0.0,0.0,Tumor,Tumor- (272)
0.0,0.0,173.9612,0.0,0.0,0.0,Tumor,Tumor- (1306)
0.0,0.0,167.7382,0.0,0.0,0.0,Tumor,Tumor- (1343)
0.0,0.0,144.8409,0.0,0.0,0.0,Tumor,Tumor- (2196)
0.0,0.0,193.4477,0.0,0.0,0.0,Tumor,Tumor- (663)
0.1194,0.0635,91.7411,0.0659,0.6339,0.1194,Tumor,Tumor- (1725)
0.0,0.0,66.5727,0.0,0.0,0.0,Tumor,Tumor- (2182)
0.0,0.0,130.5,0.0,0.0,0.0,Tumor,Tumor- (2116)
0.1283,0.0685,88.1887,0.0701,0.7532,0.1283,Tumor,Tumor- (1669)
0.0,0.0,125.2248,0.0,0.0,0.0,Tumor,Tumor- (1298)
0.0241,0.0122,107.9627,0.0126,0.2565,0.0241,Tumor,Tumor- (2257)
0.0,0.0,150.0,0.0,0.0,0.0,Tumor,Tumor- (2124)
0.0,0.0,122.5457,0.0,0.0,0.0,Tumor,Tumor- (2215)
0.0,0.0,139.992,0.0,0.0,0.0,Tumor,Tumor- (1271)
0.1643,0.0895,124.2463,0.0977,0.5159,0.1643,Tumor,Tumor- (1024)
0.0,0.0,120.7096,0.0,0.0,0.0,Tumor,Tumor- (2208)
0.0,0.0,223.9327,0.0,0.0,0.0,Tumor,Tumor- (356)
0.0,0.0,97.4066,0.0,0.0,0.0,Tumor,Tumor- (1189)
0.0,0.0,152.2311,0.0,0.0,0.0,Tumor,Tumor- (2187)
0.0,0.0,173.3173,0.0,0.0,0.0,Tumor,Tumor- (281)
0.0,0.0,55.7603,0.0,0.0,0.0,Tumor,Tumor- (953)
0.0,0.0,168.6483,0.0,0.0,0.0,Tumor,Tumor- (1423)
0.2805,0.1631,59.7034,0.1738,0.7259,0.2805,Tumor,Tumor- (141)
0.0,0.0,125.501,0.0,0.0,0.0,Tumor,Tumor- (305)
0.1188,0.0632,91.2483,0.0648,0.7194,0.1188,Tumor,Tumor- (1702)
0.0,0.0,170.8431,0.0,0.0,0.0,Tumor,Tumor- (846)
0.0,0.0,106.5516,0.0,0.0,0.0,Tumor,Tumor- (1605)
0.0,0.0,128.095,0.0,0.0,0.0,Tumor,Tumor- (2235)
0.0,0.0,173.5196,0.0,0.0,0.0,Tumor,Tumor- (1377)
0.0,0.0,196.3015,0.0,0.0,0.0,Tumor,Tumor- (615)
0.0,0.0,73.8305,0.0,0.0,0.0,Tumor,Tumor- (969)
0.0,0.0,174.1554,0.0,0.0,0.0,Tumor,Tumor- (711)
0.1627,0.0885,101.1496,0.0918,0.7111,0.1627,Tumor,Tumor- (895)
0.2925,0.1713,68.8885,0.184,0.7137,0.2925,Tumor,Tumor- (74)
0.0,0.0,119.2159,0.0,0.0,0.0,Tumor,Tumor- (856)
0.0,0.0,159.1225,0.0,0.0,0.0,Tumor,Tumor- (1633)
0.0063,0.0032,84.5237,0.0036,0.0246,0.0063,Tumor,Tumor- (1908)
0.0,0.0,188.9051,0.0,0.0,0.0,Tumor,Tumor- (686)
0.0,0.0,138.0956,0.0,0.0,0.0,Tumor,Tumor- (203)
0.0,0.0,96.7561,0.0,0.0,0.0,Tumor,Tumor- (1476)
0.0,0.0,284.1242,0.0,0.0,0.0,Tumor,Tumor- (1868)
0.0,0.0,159.7098,0.0,0.0,0.0,Tumor,Tumor- (1838)
0.0,0.0,140.4715,0.0,0.0,0.0,Tumor,Tumor- (765)
0.0,0.0,194.4767,0.0,0.0,0.0,Tumor,Tumor- (636)
0.1124,0.0595,84.162,0.0607,0.7544,0.1124,Tumor,Tumor- (18)
0.1293,0.0691,88.2001,0.0708,0.7438,0.1293,Tumor,Tumor- (1682)
0.1885,0.1041,64.158,0.1086,0.7136,0.1885,Tumor,Tumor- (168)
0.0,0.0,171.6967,0.0,0.0,0.0,Tumor,Tumor- (1388)
0.0129,0.0065,116.1561,0.0066,0.2605,0.0129,Tumor,Tumor- (1085)
0.0,0.0,194.0324,0.0,0.0,0.0,Tumor,Tumor- (601)
0.0,0.0,146.0169,0.0,0.0,0.0,Tumor,Tumor- (921)
0.0,0.0,115.5638,0.0,0.0,0.0,Tumor,Tumor- (1195)
0.0,0.0,192.3416,0.0,0.0,0.0,Tumor,Tumor- (568)
0.0,0.0,181.707,0.0,0.0,0.0,Tumor,Tumor- (972)
0.1349,0.0723,86.9601,0.0743,0.7302,0.1349,Tumor,Tumor- (1679)
0.0,0.0,73.2656,0.0,0.0,0.0,Tumor,Tumor- (970)
0.0,0.0,186.5078,0.0,0.0,0.0,Tumor,Tumor- (251)
0.0631,0.0326,146.6458,0.0332,0.6557,0.0631,Tumor,Tumor- (1220)
0.0228,0.0115,116.0199,0.0117,0.4811,0.0228,Tumor,Tumor- (1089)
0.1519,0.0822,90.1138,0.0859,0.6558,0.1519,Tumor,Tumor- (1745)
0.0,0.0,205.0467,0.0,0.0,0.0,Tumor,Tumor- (2140)
0.0,0.0,242.3256,0.0,0.0,0.0,Tumor,Tumor- (1288)
0.1168,0.062,89.4218,0.0635,0.7292,0.1168,Tumor,Tumor- (1688)
0.0,0.0,183.559,0.0,0.0,0.0,Tumor,Tumor- (782)
0.0,0.0,246.0449,0.0,0.0,0.0,Tumor,Tumor- (1049)
0.0,0.0,188.4715,0.0,0.0,0.0,Tumor,Tumor- (1386)
0.0,0.0,169.3505,0.0,0.0,0.0,Tumor,Tumor- (1540)
0.0,0.0,192.5899,0.0,0.0,0.0,Tumor,Tumor- (557)
0.0,0.0,184.6141,0.0,0.0,0.0,Tumor,Tumor- (1949)
0.0,0.0,117.83,0.0,0.0,0.0,Tumor,Tumor- (437)
0.0,0.0,106.0835,0.0,0.0,0.0,Tumor,Tumor- (1175)
0.0,0.0,97.7394,0.0,0.0,0.0,Tumor,Tumor- (1474)
0.2826,0.1646,58.5931,0.1759,0.7196,0.2826,Tumor,Tumor- (126)
0.1655,0.0902,100.5497,0.0963,0.5897,0.1655,Tumor,Tumor- (2075)
0.1139,0.0604,102.6755,0.0627,0.6215,0.1139,Tumor,Tumor- (910)
0.0,0.0,284.412,0.0,0.0,0.0,Tumor,Tumor- (404)
0.0,0.0,121.8881,0.0,0.0,0.0,Tumor,Tumor- (2149)
0.0,0.0,195.0771,0.0,0.0,0.0,Tumor,Tumor- (597)
0.0,0.0,81.9898,0.0,0.0,0.0,Tumor,Tumor- (1976)
0.0,0.0,63.9461,0.0,0.0,0.0,Tumor,Tumor- (1227)
0.0,0.0,173.1307,0.0,0.0,0.0,Tumor,Tumor- (1390)
0.0,0.0,137.3217,0.0,0.0,0.0,Tumor,Tumor- (2278)
0.0,0.0,118.5169,0.0,0.0,0.0,Tumor,Tumor- (1581)
0.0,0.0,168.9432,0.0,0.0,0.0,Tumor,Tumor- (1364)
0.0,0.0,179.2163,0.0,0.0,0.0,Tumor,Tumor- (352)
0.0,0.0,236.7409,0.0,0.0,0.0,Tumor,Tumor- (1836)
0.0,0.0,161.5952,0.0,0.0,0.0,Tumor,Tumor- (1119)
0.0,0.0,282.7627,0.0,0.0,0.0,Tumor,Tumor- (388)
0.0,0.0,150.2552,0.0,0.0,0.0,Tumor,Tumor- (848)
0.2803,0.163,68.3056,0.1742,0.7177,0.2803,Tumor,Tumor- (72)
0.0,0.0,192.8986,0.0,0.0,0.0,Tumor,Tumor- (809)
0.3388,0.2039,61.1003,0.2193,0.7438,0.3388,Tumor,Tumor- (91)
0.1889,0.1043,100.214,0.1102,0.6607,0.1889,Tumor,Tumor- (2041)
0.3085,0.1823,60.1041,0.1958,0.7265,0.3085,Tumor,Tumor- (116)
0.0,0.0,285.3984,0.0,0.0,0.0,Tumor,Tumor- (413)
0.0,0.0,160.0312,0.0,0.0,0.0,Tumor,Tumor- (1099)
0.0,0.0,167.9866,0.0,0.0,0.0,Tumor,Tumor- (192)
0.0,0.0,91.9045,0.0,0.0,0.0,Tumor,Tumor- (828)
0.1724,0.0944,97.0032,0.0993,0.6522,0.1724,Tumor,Tumor- (2061)
0.0,0.0,116.6812,0.0,0.0,0.0,Tumor,Tumor- (1168)
0.0,0.0,134.5934,0.0,0.0,0.0,Tumor,Tumor- (1522)
0.0,0.0,105.5115,0.0,0.0,0.0,Tumor,Tumor- (1931)
0.028,0.0142,100.5808,0.0145,0.391,0.028,Tumor,Tumor- (2)
0.1369,0.0735,69.1397,0.0762,0.6722,0.1369,Tumor,Tumor- (178)
0.0,0.0,258.2426,0.0,0.0,0.0,Tumor,Tumor- (772)
0.0,0.0,70.8943,0.0,0.0,0.0,Tumor,Tumor- (1224)
0.0,0.0,190.8071,0.0,0.0,0.0,Tumor,Tumor- (647)
0.0,0.0,182.114,0.0,0.0,0.0,Tumor,Tumor- (1936)
0.262,0.1508,73.7055,0.1591,0.7431,0.262,Tumor,Tumor- (62)
0.0,0.0,191.2884,0.0,0.0,0.0,Tumor,Tumor- (237)
0.0,0.0,280.5692,0.0,0.0,0.0,Tumor,Tumor- (1867)
0.0,0.0,138.891,0.0,0.0,0.0,Tumor,Tumor- (814)
0.1516,0.082,100.5134,0.085,0.6992,0.1516,Tumor,Tumor- (899)
0.0,0.0,129.8529,0.0,0.0,0.0,Tumor,Tumor- (482)
0.1258,0.0671,79.4176,0.0752,0.3859,0.1258,Tumor,Tumor- (1038)
0.0,0.0,149.8596,0.0,0.0,0.0,Tumor,Tumor- (217)
0.0,0.0,166.5414,0.0,0.0,0.0,Tumor,Tumor- (193)
0.0,0.0,58.8638,0.0,0.0,0.0,Tumor,Tumor- (1231)
0.0,0.0,123.0041,0.0,0.0,0.0,Tumor,Tumor- (316)
0.0,0.0,187.1231,0.0,0.0,0.0,Tumor,Tumor- (230)
0.0,0.0,209.0606,0.0,0.0,0.0,Tumor,Tumor- (2158)
0.0,0.0,138.7797,0.0,0.0,0.0,Tumor,Tumor- (759)
0.0,0.0,166.7412,0.0,0.0,0.0,Tumor,Tumor- (1313)
0.1944,0.1077,88.7764,0.1117,0.7502,0.1944,Tumor,Tumor- (1797)
0.0,0.0,202.676,0.0,0.0,0.0,Tumor,Tumor- (2136)
0.0,0.0,133.3434,0.0,0.0,0.0,Tumor,Tumor- (2228)
0.0,0.0,301.9493,0.0,0.0,0.0,Tumor,Tumor- (1061)
0.0,0.0,47.7624,0.0,0.0,0.0,Tumor,Tumor- (1252)
0.0,0.0,177.5103,0.0,0.0,0.0,Tumor,Tumor- (1550)
0.0,0.0,219.2831,0.0,0.0,0.0,Tumor,Tumor- (1820)
0.0,0.0,73.5391,0.0,0.0,0.0,Tumor,Tumor- (206)
0.1741,0.0954,89.3401,0.1003,0.659,0.1741,Tumor,Tumor- (882)
0.0,0.0,194.4554,0.0,0.0,0.0,Tumor,Tumor- (598)
0.0,0.0,140.3531,0.0,0.0,0.0,Tumor,Tumor- (812)
0.0,0.0,131.2726,0.0,0.0,0.0,Tumor,Tumor- (740)
0.0,0.0,141.7621,0.0,0.0,0.0,Tumor,Tumor- (784)
0.2123,0.1188,87.0133,0.1232,0.7681,0.2123,Tumor,Tumor- (1801)
0.1737,0.0951,108.2516,0.0999,0.6643,0.1737,Tumor,Tumor- (1435)
0.0,0.0,125.3976,0.0,0.0,0.0,Tumor,Tumor- (367)
0.0,0.0,129.8114,0.0,0.0,0.0,Tumor,Tumor- (474)
0.0,0.0,92.2028,0.0,0.0,0.0,Tumor,Tumor- (827)
0.0,0.0,190.213,0.0,0.0,0.0,Tumor,Tumor- (521)
0.0,0.0,190.2604,0.0,0.0,0.0,Tumor,Tumor- (678)
0.0,0.0,248.0811,0.0,0.0,0.0,Tumor,Tumor- (1044)
0.2872,0.1676,60.4194,0.1795,0.7169,0.2872,Tumor,Tumor- (133)
0.0,0.0,108.7842,0.0,0.0,0.0,Tumor,Tumor- (1950)
0.0,0.0,557.4697,0.0,0.0,0.0,Tumor,Tumor- (2198)
0.1109,0.0587,77.7978,0.0625,0.4953,0.1109,Tumor,Tumor- (1887)
0.0,0.0,120.1041,0.0,0.0,0.0,Tumor,Tumor- (1623)
0.0,0.0,175.3847,0.0,0.0,0.0,Tumor,Tumor- (1557)
0.0,0.0,192.661,0.0,0.0,0.0,Tumor,Tumor- (641)
0.0,0.0,202.3653,0.0,0.0,0.0,Tumor,Tumor- (725)
0.0,0.0,239.9854,0.0,0.0,0.0,Tumor,Tumor- (750)
0.0,0.0,169.7413,0.0,0.0,0.0,Tumor,Tumor- (844)
0.0679,0.0352,110.5728,0.0362,0.5474,0.0679,Tumor,Tumor- (699)
0.0,0.0,189.8389,0.0,0.0,0.0,Tumor,Tumor- (1395)
0.0,0.0,110.4627,0.0,0.0,0.0,Tumor,Tumor- (824)
0.0,0.0,192.333,0.0,0.0,0.0,Tumor,Tumor- (553)
0.0,0.0,149.9721,0.0,0.0,0.0,Tumor,Tumor- (927)
0.1024,0.054,78.3589,0.0568,0.5178,0.1024,Tumor,Tumor- (1894)
0.0,0.0,286.4647,0.0,0.0,0.0,Tumor,Tumor- (425)
0.0,0.0,126.9316,0.0,0.0,0.0,Tumor,Tumor- (333)
0.0,0.0,184.3238,0.0,0.0,0.0,Tumor,Tumor- (499)
0.1775,0.0974,98.3273,0.1024,0.6639,0.1775,Tumor,Tumor- (2058)
0.0,0.0,124.0151,0.0,0.0,0.0,Tumor,Tumor- (2214)
0.0,0.0,284.5426,0.0,0.0,0.0,Tumor,Tumor- (409)
0.0,0.0,100.8057,0.0,0.0,0.0,Tumor,Tumor- (3)
0.0,0.0,311.1611,0.0,0.0,0.0,Tumor,Tumor- (1060)
0.0,0.0,115.8963,0.0,0.0,0.0,Tumor,Tumor- (190)
0.0,0.0,67.3049,0.0,0.0,0.0,Tumor,Tumor- (1214)
0.0,0.0,55.2245,0.0,0.0,0.0,Tumor,Tumor- (2276)
0.0,0.0,123.6932,0.0,0.0,0.0,Tumor,Tumor- (453)
0.0,0.0,179.8055,0.0,0.0,0.0,Tumor,Tumor- (273)
0.0,0.0,184.9007,0.0,0.0,0.0,Tumor,Tumor- (2027)
0.0,0.0,205.0001,0.0,0.0,0.0,Tumor,Tumor- (2138)
0.0,0.0,234.7957,0.0,0.0,0.0,Tumor,Tumor- (822)
0.0,0.0,188.4445,0.0,0.0,0.0,Tumor,Tumor- (728)
0.0,0.0,170.0629,0.0,0.0,0.0,Tumor,Tumor- (1489)
0.0,0.0,231.4517,0.0,0.0,0.0,Tumor,Tumor- (1584)
0.0,0.0,133.6001,0.0,0.0,0.0,Tumor,Tumor- (467)
0.0,0.0,212.2881,0.0,0.0,0.0,Tumor,Tumor- (2171)
0.0,0.0,124.7386,0.0,0.0,0.0,Tumor,Tumor- (328)
0.0,0.0,99.8749,0.0,0.0,0.0,Tumor,Tumor- (1478)
0.0,0.0,285.4401,0.0,0.0,0.0,Tumor,Tumor- (419)
0.0,0.0,101.8283,0.0,0.0,0.0,Tumor,Tumor- (1074)
0.1767,0.0969,109.3401,0.1018,0.6678,0.1767,Tumor,Tumor- (1432)
0.2774,0.161,60.92,0.1721,0.7144,0.2774,Tumor,Tumor- (143)
0.1023,0.0539,78.7202,0.0559,0.5969,0.1023,Tumor,Tumor- (1902)
0.0,0.0,133.7395,0.0,0.0,0.0,Tumor,Tumor- (1941)
0.0,0.0,229.197,0.0,0.0,0.0,Tumor,Tumor- (1064)
0.0,0.0,231.4557,0.0,0.0,0.0,Tumor,Tumor- (1097)
0.0,0.0,188.4443,0.0,0.0,0.0,Tumor,Tumor- (518)
0.0,0.0,161.768,0.0,0.0,0.0,Tumor,Tumor- (794)
0.0,0.0,186.7097,0.0,0.0,0.0,Tumor,Tumor- (507)
0.2057,0.1146,87.9331,0.1189,0.7612,0.2057,Tumor,Tumor- (1802)
0.0,0.0,85.1331,0.0,0.0,0.0,Tumor,Tumor- (1469)
0.0201,0.0102,78.4618,0.0122,0.0575,0.0201,Tumor,Tumor- (1041)
0.257,0.1474,74.7325,0.1564,0.7209,0.257,Tumor,Tumor- (67)
0.1298,0.0694,93.2751,0.0756,0.4578,0.1298,Tumor,Tumor- (991)
0.0,0.0,160.1644,0.0,0.0,0.0,Tumor,Tumor- (1499)
0.0,0.0,163.1047,0.0,0.0,0.0,Tumor,Tumor- (1655)
0.0,0.0,170.9045,0.0,0.0,0.0,Tumor,Tumor- (197)
0.0,0.0,165.5393,0.0,0.0,0.0,Tumor,Tumor- (344)
0.0,0.0,69.5432,0.0,0.0,0.0,Tumor,Tumor- (1847)
0.0,0.0,194.4564,0.0,0.0,0.0,Tumor,Tumor- (589)
0.0,0.0,145.9469,0.0,0.0,0.0,Tumor,Tumor- (936)
0.0,0.0,119.2802,0.0,0.0,0.0,Tumor,Tumor- (2143)
0.0,0.0,170.5792,0.0,0.0,0.0,Tumor,Tumor- (1360)
0.0336,0.0171,84.0265,0.0176,0.3636,0.0336,Tumor,Tumor- (2246)
0.0,0.0,117.0441,0.0,0.0,0.0,Tumor,Tumor- (1578)
0.1248,0.0666,90.5884,0.0681,0.7406,0.1248,Tumor,Tumor- (1653)
0.0,0.0,229.8904,0.0,0.0,0.0,Tumor,Tumor- (1496)
0.0,0.0,127.5078,0.0,0.0,0.0,Tumor,Tumor- (858)
0.0,0.0,284.5269,0.0,0.0,0.0,Tumor,Tumor- (395)
0.1071,0.0566,78.4618,0.0589,0.5924,0.1071,Tumor,Tumor- (1899)
0.0,0.0,122.8532,0.0,0.0,0.0,Tumor,Tumor- (808)
0.0,0.0,103.2393,0.0,0.0,0.0,Tumor,Tumor- (821)
0.134,0.0718,90.84,0.0779,0.4788,0.134,Tumor,Tumor- (986)
0.2896,0.1693,59.4811,0.1808,0.7267,0.2896,Tumor,Tumor- (138)
0.0,0.0,156.625,0.0,0.0,0.0,Tumor,Tumor- (2184)
0.0,0.0,193.5069,0.0,0.0,0.0,Tumor,Tumor- (609)
0.1145,0.0607,123.2315,0.066,0.4292,0.1145,Tumor,Tumor- (1014)
0.0,0.0,231.187,0.0,0.0,0.0,Tumor,Tumor- (1492)
0.1026,0.0541,90.5,0.0581,0.436,0.1026,Tumor,Tumor- (2108)
0.0,0.0,194.3584,0.0,0.0,0.0,Tumor,Tumor- (608)
0.0,0.0,117.0175,0.0,0.0,0.0,Tumor,Tumor- (436)
0.1631,0.0888,87.1981,0.0976,0.4949,0.1631,Tumor,Tumor- (984)
0.0,0.0,313.617,0.0,0.0,0.0,Tumor,Tumor- (1059)
0.0,0.0,101.3367,0.0,0.0,0.0,Tumor,Tumor- (378)
0.0,0.0,170.0,0.0,0.0,0.0,Tumor,Tumor- (839)
0.0,0.0,172.3031,0.0,0.0,0.0,Tumor,Tumor- (1379)
0.0,0.0,138.5135,0.0,0.0,0.0,Tumor,Tumor- (433)
0.1356,0.0728,86.1002,0.0783,0.508,0.1356,Tumor,Tumor- (1875)
0.0,0.0,219.3863,0.0,0.0,0.0,Tumor,Tumor- (2130)
0.0,0.0,117.0096,0.0,0.0,0.0,Tumor,Tumor- (1616)
0.1936,0.1072,98.1759,0.1129,0.6782,0.1936,Tumor,Tumor- (2051)
0.31,0.1834,59.822,0.1975,0.7208,0.31,Tumor,Tumor- (115)
0.1861,0.1026,89.3715,0.1044,0.8589,0.1861,Tumor,Tumor- (1815)
0.2081,0.1162,86.6195,0.1206,0.7591,0.2081,Tumor,Tumor- (1800)
0.1078,0.057,83.8035,0.058,0.7581,0.1078,Tumor,Tumor- (20)
0.0,0.0,155.9985,0.0,0.0,0.0,Tumor,Tumor- (1267)
0.0,0.0,159.6795,0.0,0.0,0.0,Tumor,Tumor- (1635)
0.0,0.0,44.5735,0.0,0.0,0.0,Tumor,Tumor- (1259)
0.1255,0.0669,94.6322,0.0704,0.5729,0.1255,Tumor,Tumor- (1755)
0.0,0.0,125.1746,0.0,0.0,0.0,Tumor,Tumor- (457)
0.0,0.0,284.4099,0.0,0.0,0.0,Tumor,Tumor- (397)
0.0,0.0,102.6484,0.0,0.0,0.0,Tumor,Tumor- (1473)
0.0,0.0,284.568,0.0,0.0,0.0,Tumor,Tumor- (402)
0.0,0.0,139.1062,0.0,0.0,0.0,Tumor,Tumor- (336)
0.0,0.0,190.2844,0.0,0.0,0.0,Tumor,Tumor- (687)
0.0,0.0,137.2822,0.0,0.0,0.0,Tumor,Tumor- (2279)
0.1269,0.0677,93.655,0.0733,0.4708,0.1269,Tumor,Tumor- (987)
0.0126,0.0063,105.2913,0.0066,0.1256,0.0126,Tumor,Tumor- (2254)
0.0454,0.0232,84.9029,0.0234,0.7388,0.0454,Tumor,Tumor- (183)
0.0,0.0,135.4114,0.0,0.0,0.0,Tumor,Tumor- (483)
0.0437,0.0223,107.0007,0.0882,0.0291,0.0437,Tumor,Tumor- (1206)
0.316,0.1876,58.4841,0.2022,0.7221,0.316,Tumor,Tumor- (112)
0.1643,0.0895,122.1813,0.0967,0.5463,0.1643,Tumor,Tumor- (1020)
0.0,0.0,128.0976,0.0,0.0,0.0,Tumor,Tumor- (733)
0.0,0.0,115.6598,0.0,0.0,0.0,Tumor,Tumor- (1610)
0.0,0.0,135.2088,0.0,0.0,0.0,Tumor,Tumor- (334)
0.0,0.0,118.9711,0.0,0.0,0.0,Tumor,Tumor- (188)
0.0,0.0,75.1901,0.0,0.0,0.0,Tumor,Tumor- (1171)
0.0,0.0,169.1735,0.0,0.0,0.0,Tumor,Tumor- (1389)
0.1331,0.0713,118.0002,0.0762,0.5273,0.1331,Tumor,Tumor- (1461)
0.0975,0.0513,91.8545,0.0548,0.4443,0.0975,Tumor,Tumor- (2111)
0.0,0.0,190.9531,0.0,0.0,0.0,Tumor,Tumor- (531)
0.1113,0.0589,125.1511,0.0649,0.3906,0.1113,Tumor,Tumor- (998)
0.0,0.0,160.2974,0.0,0.0,0.0,Tumor,Tumor- (1113)
0.0,0.0,173.3147,0.0,0.0,0.0,Tumor,Tumor- (1328)
0.0,0.0,110.5656,0.0,0.0,0.0,Tumor,Tumor- (1208)
0.0221,0.0111,102.705,0.0114,0.3716,0.0221,Tumor,Tumor- (2237)
0.0,0.0,102.9572,0.0,0.0,0.0,Tumor,Tumor- (5)
0.0,0.0,184.0553,0.0,0.0,0.0,Tumor,Tumor- (1948)
0.1197,0.0637,81.9892,0.065,0.7638,0.1197,Tumor,Tumor- (23)
0.0,0.0,194.1427,0.0,0.0,0.0,Tumor,Tumor- (629)
0.0,0.0,164.5441,0.0,0.0,0.0,Tumor,Tumor- (1521)
0.0,0.0,115.003,0.0,0.0,0.0,Tumor,Tumor- (1164)
0.0,0.0,95.9198,0.0,0.0,0.0,Tumor,Tumor- (1475)
0.0,0.0,140.2209,0.0,0.0,0.0,Tumor,Tumor- (2283)
0.0,0.0,557.4697,0.0,0.0,0.0,Tumor,Tumor- (2200)
0.0,0.0,128.6268,0.0,0.0,0.0,Tumor,Tumor- (1275)
0.0,0.0,183.2708,0.0,0.0,0.0,Tumor,Tumor- (353)
0.0,0.0,126.0038,0.0,0.0,0.0,Tumor,Tumor- (2118)
0.0,0.0,157.5422,0.0,0.0,0.0,Tumor,Tumor- (747)
0.0,0.0,191.0024,0.0,0.0,0.0,Tumor,Tumor- (522)
0.1368,0.0734,90.3818,0.0775,0.5822,0.1368,Tumor,Tumor- (1747)
0.0,0.0,169.5664,0.0,0.0,0.0,Tumor,Tumor- (1488)
0.0,0.0,172.1887,0.0,0.0,0.0,Tumor,Tumor- (1159)
0.1193,0.0634,93.1083,0.0659,0.6259,0.1193,Tumor,Tumor- (1726)
0.0,0.0,88.5014,0.0,0.0,0.0,Tumor,Tumor- (2010)
0.1173,0.0623,91.5492,0.0639,0.7128,0.1173,Tumor,Tumor- (1705)
0.0,0.0,184.6717,0.0,0.0,0.0,Tumor,Tumor- (502)
0.0,0.0,166.2387,0.0,0.0,0.0,Tumor,Tumor- (1368)
0.0,0.0,229.9425,0.0,0.0,0.0,Tumor,Tumor- (1498)
0.0,0.0,177.299,0.0,0.0,0.0,Tumor,Tumor- (1548)
0.0,0.0,139.6648,0.0,0.0,0.0,Tumor,Tumor- (813)
0.0,0.0,170.7384,0.0,0.0,0.0,Tumor,Tumor- (1329)
0.0464,0.0238,104.3465,0.0252,0.297,0.0464,Tumor,Tumor- (915)
0.1154,0.0612,91.0,0.063,0.6872,0.1154,Tumor,Tumor- (1707)
0.0,0.0,141.1712,0.0,0.0,0.0,Tumor,Tumor- (816)
0.0,0.0,128.1815,0.0,0.0,0.0,Tumor,Tumor- (492)
0.1473,0.0795,89.8846,0.0828,0.6684,0.1473,Tumor,Tumor- (1736)
0.0,0.0,164.2411,0.0,0.0,0.0,Tumor,Tumor- (1366)
0.0,0.0,165.0969,0.0,0.0,0.0,Tumor,Tumor- (289)
0.0,0.0,135.7942,0.0,0.0,0.0,Tumor,Tumor- (201)
0.0,0.0,192.5172,0.0,0.0,0.0,Tumor,Tumor- (662)
0.2,0.1111,74.3589,0.1158,0.7344,0.2,Tumor,Tumor- (41)
0.0978,0.0514,95.1893,0.0531,0.6183,0.0978,Tumor,Tumor- (300)
0.0,0.0,171.0921,0.0,0.0,0.0,Tumor,Tumor- (195)
0.0,0.0,169.7488,0.0,0.0,0.0,Tumor,Tumor- (1422)
0.0,0.0,86.6483,0.0,0.0,0.0,Tumor,Tumor- (1155)
0.0,0.0,163.3111,0.0,0.0,0.0,Tumor,Tumor- (1659)
0.0,0.0,159.1929,0.0,0.0,0.0,Tumor,Tumor- (1106)
0.0,0.0,139.0575,0.0,0.0,0.0,Tumor,Tumor- (774)
0.0,0.0,89.3798,0.0,0.0,0.0,Tumor,Tumor- (2270)
0.0,0.0,170.7245,0.0,0.0,0.0,Tumor,Tumor- (196)
0.0,0.0,156.6246,0.0,0.0,0.0,Tumor,Tumor- (2142)
0.0,0.0,234.8732,0.0,0.0,0.0,Tumor,Tumor- (1856)
0.0,0.0,142.4874,0.0,0.0,0.0,Tumor,Tumor- (360)
0.0,0.0,63.5079,0.0,0.0,0.0,Tumor,Tumor- (1246)
0.0,0.0,118.0208,0.0,0.0,0.0,Tumor,Tumor- (1585)
0.0,0.0,135.0935,0.0,0.0,0.0,Tumor,Tumor- (1506)
0.0,0.0,127.1173,0.0,0.0,0.0,Tumor,Tumor- (860)
0.0,0.0,114.034,0.0,0.0,0.0,Tumor,Tumor- (1603)
0.0,0.0,99.1627,0.0,0.0,0.0,Tumor,Tumor- (380)
0.0969,0.0509,90.8323,0.055,0.4053,0.0969,Tumor,Tumor- (2107)
0.0,0.0,149.8065,0.0,0.0,0.0,Tumor,Tumor- (216)
0.0,0.0,158.2833,0.0,0.0,0.0,Tumor,Tumor- (1629)
0.0,0.0,146.7075,0.0,0.0,0.0,Tumor,Tumor- (930)
0.1457,0.0786,84.0934,0.0848,0.518,0.1457,Tumor,Tumor- (1876)
0.2614,0.1504,59.0529,0.16,0.7146,0.2614,Tumor,Tumor- (153)
0.0,0.0,175.705,0.0,0.0,0.0,Tumor,Tumor- (1555)
0.0,0.0,57.6971,0.0,0.0,0.0,Tumor,Tumor- (1145)
0.0,0.0,118.5011,0.0,0.0,0.0,Tumor,Tumor- (1622)
0.0,0.0,189.7612,0.0,0.0,0.0,Tumor,Tumor- (562)
0.0,0.0,136.5234,0.0,0.0,0.0,Tumor,Tumor- (1503)
0.0907,0.0475,94.7022,0.0492,0.5733,0.0907,Tumor,Tumor- (301)
0.0,0.0,122.7187,0.0,0.0,0.0,Tumor,Tumor- (2206)
0.2238,0.126,72.7496,0.1333,0.6975,0.2238,Tumor,Tumor- (45)
0.0,0.0,169.1513,0.0,0.0,0.0,Tumor,Tumor- (283)
0.1789,0.0982,97.5065,0.1037,0.6501,0.1789,Tumor,Tumor- (2059)
0.0,0.0,163.0677,0.0,0.0,0.0,Tumor,Tumor- (1646)
0.0,0.0,194.4958,0.0,0.0,0.0,Tumor,Tumor- (605)
0.0,0.0,116.5011,0.0,0.0,0.0,Tumor,Tumor- (1535)
0.0,0.0,103.2482,0.0,0.0,0.0,Tumor,Tumor- (1205)
0.0,0.0,188.4272,0.0,0.0,0.0,Tumor,Tumor- (243)
0.0,0.0,55.6158,0.0,0.0,0.0,Tumor,Tumor- (1415)
0.2042,0.1137,96.6294,0.1197,0.6934,0.2042,Tumor,Tumor- (2052)
0.0,0.0,58.1406,0.0,0.0,0.0,Tumor,Tumor- (1416)
0.0,0.0,190.5813,0.0,0.0,0.0,Tumor,Tumor- (533)
0.0,0.0,240.4416,0.0,0.0,0.0,Tumor,Tumor- (1290)
0.0,0.0,187.5816,0.0,0.0,0.0,Tumor,Tumor- (693)
0.1608,0.0874,108.2243,0.0919,0.641,0.1608,Tumor,Tumor- (1457)
0.0,0.0,130.5,0.0,0.0,0.0,Tumor,Tumor- (2121)
0.0815,0.0425,86.0959,0.0432,0.7205,0.0815,Tumor,Tumor- (14)
0.0,0.0,158.3523,0.0,0.0,0.0,Tumor,Tumor- (1266)
0.0,0.0,190.2761,0.0,0.0,0.0,Tumor,Tumor- (667)
0.0,0.0,60.3013,0.0,0.0,0.0,Tumor,Tumor- (1213)
0.0165,0.0083,119.708,0.0085,0.2694,0.0165,Tumor,Tumor- (1088)
0.3001,0.1766,68.1071,0.1913,0.6962,0.3001,Tumor,Tumor- (75)
0.0,0.0,64.4161,0.0,0.0,0.0,Tumor,Tumor- (1251)
0.0,0.0,167.7606,0.0,0.0,0.0,Tumor,Tumor- (1317)
0.2061,0.1149,105.1487,0.1207,0.7029,0.2061,Tumor,Tumor- (1456)
0.1713,0.0937,98.7087,0.0984,0.6629,0.1713,Tumor,Tumor- (2054)
0.0,0.0,112.0489,0.0,0.0,0.0,Tumor,Tumor- (1601)
0.0,0.0,171.3019,0.0,0.0,0.0,Tumor,Tumor- (199)
0.0,0.0,200.6028,0.0,0.0,0.0,Tumor,Tumor- (724)
0.0,0.0,169.058,0.0,0.0,0.0,Tumor,Tumor- (1371)
0.1666,0.0909,93.5013,0.0951,0.6706,0.1666,Tumor,Tumor- (1774)
0.3181,0.1891,61.4593,0.2031,0.7337,0.3181,Tumor,Tumor- (111)
0.0,0.0,142.3427,0.0,0.0,0.0,Tumor,Tumor- (712)
0.0,0.0,115.2128,0.0,0.0,0.0,Tumor,Tumor- (1165)
0.0,0.0,228.9766,0.0,0.0,0.0,Tumor,Tumor- (1853)
0.0,0.0,284.7385,0.0,0.0,0.0,Tumor,Tumor- (396)
0.0,0.0,120.4505,0.0,0.0,0.0,Tumor,Tumor- (1572)
0.1506,0.0814,108.3003,0.0842,0.7131,0.1506,Tumor,Tumor- (1429)
0.0,0.0,177.5831,0.0,0.0,0.0,Tumor,Tumor- (1554)
0.0,0.0,316.0684,0.0,0.0,0.0,Tumor,Tumor- (1057)
0.1973,0.1094,99.0,0.1165,0.6426,0.1973,Tumor,Tumor- (2069)
0.0,0.0,169.7061,0.0,0.0,0.0,Tumor,Tumor- (1316)
0.0,0.0,81.5552,0.0,0.0,0.0,Tumor,Tumor- (1975)
0.0,0.0,195.5326,0.0,0.0,0.0,Tumor,Tumor- (619)
0.0662,0.0343,99.6243,0.0358,0.4484,0.0662,Tumor,Tumor- (304)
0.0,0.0,241.5623,0.0,0.0,0.0,Tumor,Tumor- (751)
0.0,0.0,192.3645,0.0,0.0,0.0,Tumor,Tumor- (2000)
0.1133,0.06,76.9033,0.0669,0.3683,0.1133,Tumor,Tumor- (1042)
0.0061,0.003,48.8709,1.0,0.003,0.0061,Tumor,Tumor- (732)
0.1956,0.1084,74.3792,0.1131,0.721,0.1956,Tumor,Tumor- (42)
0.1247,0.0665,92.8453,0.0693,0.6268,0.1247,Tumor,Tumor- (1727)
0.0,0.0,129.4436,0.0,0.0,0.0,Tumor,Tumor- (473)
0.0,0.0,115.6603,0.0,0.0,0.0,Tumor,Tumor- (1196)
0.3419,0.2062,62.9484,0.2215,0.7488,0.3419,Tumor,Tumor- (90)
0.1222,0.0651,90.5207,0.0668,0.7172,0.1222,Tumor,Tumor- (1687)
0.1513,0.0818,124.287,0.0881,0.5344,0.1513,Tumor,Tumor- (1019)
0.1556,0.0844,90.3687,0.0884,0.6494,0.1556,Tumor,Tumor- (1753)
0.3235,0.193,59.5,0.206,0.7533,0.3235,Tumor,Tumor- (119)
0.0,0.0,152.6836,0.0,0.0,0.0,Tumor,Tumor- (2175)
0.175,0.0959,109.2543,0.1007,0.6676,0.175,Tumor,Tumor- (1436)
0.0,0.0,131.4082,0.0,0.0,0.0,Tumor,Tumor- (1938)
0.0,0.0,101.9446,0.0,0.0,0.0,Tumor,Tumor- (819)
0.0773,0.0402,97.5186,0.0416,0.5423,0.0773,Tumor,Tumor- (302)
0.1198,0.0637,101.6505,0.0661,0.639,0.1198,Tumor,Tumor- (909)
0.0,0.0,33.6341,0.0,0.0,0.0,Tumor,Tumor- (2263)
0.0,0.0,191.8831,0.0,0.0,0.0,Tumor,Tumor- (538)
0.0,0.0,179.0112,0.0,0.0,0.0,Tumor,Tumor- (1393)
0.0,0.0,93.0981,0.0,0.0,0.0,Tumor,Tumor- (2019)
0.1044,0.0551,96.2562,0.0603,0.3896,0.1044,Tumor,Tumor- (977)
0.0719,0.0373,105.6554,0.0385,0.5345,0.0719,Tumor,Tumor- (916)
0.0,0.0,283.4949,0.0,0.0,0.0,Tumor,Tumor- (389)
0.0,0.0,165.4728,0.0,0.0,0.0,Tumor,Tumor- (1322)
0.0,0.0,131.9346,0.0,0.0,0.0,Tumor,Tumor- (739)
0.0,0.0,168.4829,0.0,0.0,0.0,Tumor,Tumor- (1314)
0.2742,0.1589,69.0018,0.17,0.7075,0.2742,Tumor,Tumor- (70)
0.0,0.0,189.7614,0.0,0.0,0.0,Tumor,Tumor- (677)
0.0,0.0,135.3163,0.0,0.0,0.0,Tumor,Tumor- (1188)
0.0,0.0,81.0675,0.0,0.0,0.0,Tumor,Tumor- (1960)
0.0,0.0,117.1156,0.0,0.0,0.0,Tumor,Tumor- (1577)
0.0,0.0,68.8862,0.0,0.0,0.0,Tumor,Tumor- (1268)
0.0,0.0,74.5626,0.0,0.0,0.0,Tumor,Tumor- (1274)
0.1611,0.0876,90.5121,0.0912,0.6863,0.1611,Tumor,Tumor- (1769)
0.1384,0.0744,90.956,0.0774,0.6547,0.1384,Tumor,Tumor- (1734)
0.0,0.0,125.3006,0.0,0.0,0.0,Tumor,Tumor- (459)
0.0,0.0,157.954,0.0,0.0,0.0,Tumor,Tumor- (1104)
0.0,0.0,113.2466,0.0,0.0,0.0,Tumor,Tumor- (1197)
0.0,0.0,191.7837,0.0,0.0,0.0,Tumor,Tumor- (580)
0.0,0.0,46.4295,0.0,0.0,0.0,Tumor,Tumor- (2151)
0.0,0.0,120.9606,0.0,0.0,0.0,Tumor,Tumor- (862)
0.0,0.0,106.769,0.0,0.0,0.0,Tumor,Tumor- (1211)
0.0,0.0,82.5161,0.0,0.0,0.0,Tumor,Tumor- (1971)
0.0,0.0,137.0429,0.0,0.0,0.0,Tumor,Tumor- (2264)
0.1276,0.0681,88.1751,0.0698,0.7358,0.1276,Tumor,Tumor- (1661)
0.0,0.0,163.6246,0.0,0.0,0.0,Tumor,Tumor- (250)
0.1034,0.0545,104.4521,0.0564,0.6141,0.1034,Tumor,Tumor- (706)
0.1851,0.102,90.0888,0.1044,0.8134,0.1851,Tumor,Tumor- (1809)
0.1437,0.0774,87.5,0.0793,0.7637,0.1437,Tumor,Tumor- (1666)
0.0,0.0,285.2771,0.0,0.0,0.0,Tumor,Tumor- (417)
0.0,0.0,112.8068,0.0,0.0,0.0,Tumor,Tumor- (1963)
0.0,0.0,196.305,0.0,0.0,0.0,Tumor,Tumor- (804)
0.3107,0.1839,61.4003,0.1986,0.7135,0.3107,Tumor,Tumor- (101)
0.0,0.0,165.802,0.0,0.0,0.0,Tumor,Tumor- (1323)
0.0,0.0,167.5101,0.0,0.0,0.0,Tumor,Tumor- (838)
0.0,0.0,258.7448,0.0,0.0,0.0,Tumor,Tumor- (1265)
0.0,0.0,145.692,0.0,0.0,0.0,Tumor,Tumor- (934)
0.0,0.0,116.8471,0.0,0.0,0.0,Tumor,Tumor- (2153)
0.0,0.0,181.0046,0.0,0.0,0.0,Tumor,Tumor- (1413)
0.0,0.0,168.7906,0.0,0.0,0.0,Tumor,Tumor- (1367)
0.1861,0.1026,99.5079,0.1078,0.6795,0.1861,Tumor,Tumor- (2043)
0.0,0.0,188.8475,0.0,0.0,0.0,Tumor,Tumor- (676)
0.1573,0.0854,105.5,0.0892,0.6652,0.1573,Tumor,Tumor- (1430)
0.0,0.0,170.8106,0.0,0.0,0.0,Tumor,Tumor- (1347)
0.0,0.0,186.5317,0.0,0.0,0.0,Stone,Stone- (252)
0.0039,0.0019,155.6325,0.0019,1.0,0.0039,Stone,Stone- (240)
0.0,0.0,86.4645,0.0,0.0,0.0,Stone,Stone- (370)
0.0,0.0,142.6685,0.0,0.0,0.0,Stone,Stone- (636)
0.006,0.003,77.6611,0.0031,0.108,0.006,Stone,Stone- (401)
0.0,0.0,327.3569,0.0,0.0,0.0,Stone,Stone- (855)
0.0,0.0,221.6977,0.0,0.0,0.0,Stone,Stone- (603)
0.0165,0.0083,75.0,0.0083,1.0,0.0165,Stone,Stone- (1156)
0.0,0.0,166.779,0.0,0.0,0.0,Stone,Stone- (272)
0.0,0.0,146.1555,0.0,0.0,0.0,Stone,Stone- (482)
0.0122,0.0061,127.8785,0.0061,1.0,0.0122,Stone,Stone- (1214)
0.045,0.023,224.6823,0.023,1.0,0.045,Stone,Stone- (1297)
0.0,0.0,165.354,0.0,0.0,0.0,Stone,Stone- (500)
0.0033,0.0016,134.0879,0.0016,0.9783,0.0033,Stone,Stone- (934)
0.0,0.0,144.0134,0.0,0.0,0.0,Stone,Stone- (1067)
0.0,0.0,149.8758,0.0,0.0,0.0,Stone,Stone- (485)
0.0028,0.0014,115.5324,0.0014,1.0,0.0028,Stone,Stone- (911)
0.0,0.0,157.7823,0.0,0.0,0.0,Stone,Stone- (280)
0.0849,0.0443,143.4607,0.0443,1.0,0.0849,Stone,Stone- (1289)
0.0,0.0,146.9753,0.0,0.0,0.0,Stone,Stone- (161)
0.0092,0.0046,141.8282,0.0046,1.0,0.0092,Stone,Stone- (1233)
0.0035,0.0017,177.4562,0.0017,1.0,0.0035,Stone,Stone- (146)
0.0144,0.0073,118.9305,0.0073,1.0,0.0144,Stone,Stone- (428)
0.026,0.0132,132.6734,0.0132,1.0,0.026,Stone,Stone- (1164)
0.0178,0.009,146.1953,0.009,0.9823,0.0178,Stone,Stone- (1227)
0.0337,0.0171,154.8963,0.0171,1.0,0.0337,Stone,Stone- (973)
0.0,0.0,208.914,0.0,0.0,0.0,Stone,Stone- (607)
0.0,0.0,124.5327,0.0,0.0,0.0,Stone,Stone- (1057)
0.0216,0.0109,382.0442,0.0109,1.0,0.0216,Stone,Stone- (532)
0.0,0.0,159.1432,0.0,0.0,0.0,Stone,Stone- (1037)
0.0,0.0,141.7334,0.0,0.0,0.0,Stone,Stone- (650)
0.0,0.0,332.0429,0.0,0.0,0.0,Stone,Stone- (79)
0.0,0.0,136.492,0.0,0.0,0.0,Stone,Stone- (50)
0.0439,0.0225,84.1785,0.0225,1.0,0.0439,Stone,Stone- (1208)
0.0246,0.0125,259.488,0.0125,1.0,0.0246,Stone,Stone- (1342)
0.0,0.0,175.7919,0.0,0.0,0.0,Stone,Stone- (234)
0.0,0.0,132.953,0.0,0.0,0.0,Stone,Stone- (1059)
0.017,0.0086,153.8103,0.0086,1.0,0.017,Stone,Stone- (1316)
0.0032,0.0016,80.7018,0.0016,0.0636,0.0032,Stone,Stone- (399)
0.0,0.0,183.9139,0.0,0.0,0.0,Stone,Stone- (256)
0.0,0.0,221.238,0.0,0.0,0.0,Stone,Stone- (605)
0.0029,0.0015,203.5572,0.0015,1.0,0.0029,Stone,Stone- (986)
0.0219,0.0111,132.2702,0.0111,1.0,0.0219,Stone,Stone- (37)
0.028,0.0142,136.1287,0.0142,0.9858,0.028,Stone,Stone- (1218)
0.0,0.0,159.9981,0.0,0.0,0.0,Stone,Stone- (1042)
0.0,0.0,144.7521,0.0,0.0,0.0,Stone,Stone- (368)
0.0436,0.0223,84.2253,0.0223,1.0,0.0436,Stone,Stone- (1206)
0.0088,0.0044,196.0941,0.0044,1.0,0.0088,Stone,Stone- (762)
0.0,0.0,158.9555,0.0,0.0,0.0,Stone,Stone- (491)
0.0,0.0,157.4736,0.0,0.0,0.0,Stone,Stone- (284)
0.0078,0.0039,132.2522,0.0039,1.0,0.0078,Stone,Stone- (839)
0.0254,0.0129,84.1195,0.0129,1.0,0.0254,Stone,Stone- (439)
0.006,0.003,143.9825,0.003,1.0,0.006,Stone,Stone- (743)
0.0,0.0,175.1738,0.0,0.0,0.0,Stone,Stone- (688)
0.0131,0.0066,132.3664,0.0066,1.0,0.0131,Stone,Stone- (1237)
0.0,0.0,316.5348,0.0,0.0,0.0,Stone,Stone- (1101)
0.0895,0.0469,115.881,0.0469,1.0,0.0895,Stone,Stone- (385)
0.0,0.0,203.9774,0.0,0.0,0.0,Stone,Stone- (609)
0.0,0.0,313.5407,0.0,0.0,0.0,Stone,Stone- (81)
0.0,0.0,141.2448,0.0,0.0,0.0,Stone,Stone- (1377)
0.0,0.0,173.2938,0.0,0.0,0.0,Stone,Stone- (570)
0.0,0.0,160.313,0.0,0.0,0.0,Stone,Stone- (1044)
0.0,0.0,166.33,0.0,0.0,0.0,Stone,Stone- (300)
0.0,0.0,322.4348,0.0,0.0,0.0,Stone,Stone- (703)
0.0,0.0,162.6999,0.0,0.0,0.0,Stone,Stone- (640)
0.1282,0.0685,92.0177,0.0685,1.0,0.1282,Stone,Stone- (1271)
0.0,0.0,158.9725,0.0,0.0,0.0,Stone,Stone- (1027)
0.0,0.0,144.2125,0.0,0.0,0.0,Stone,Stone- (517)
0.0,0.0,141.2927,0.0,0.0,0.0,Stone,Stone- (722)
0.0061,0.0031,93.5855,0.0031,0.2062,0.0061,Stone,Stone- (1186)
0.0022,0.0011,291.8106,0.0011,1.0,0.0022,Stone,Stone- (1331)
0.0193,0.0097,85.3025,0.0097,1.0,0.0193,Stone,Stone- (456)
0.0063,0.0032,147.5271,0.0032,0.9011,0.0063,Stone,Stone- (580)
0.0,0.0,165.7129,0.0,0.0,0.0,Stone,Stone- (1325)
0.0,0.0,173.1405,0.0,0.0,0.0,Stone,Stone- (686)
0.0059,0.0029,85.844,0.003,0.1802,0.0059,Stone,Stone- (357)
0.0,0.0,153.2955,0.0,0.0,0.0,Stone,Stone- (1069)
0.0566,0.0291,111.8425,0.0291,1.0,0.0566,Stone,Stone- (1259)
0.0,0.0,167.8373,0.0,0.0,0.0,Stone,Stone- (729)
0.0451,0.0231,146.458,0.0231,1.0,0.0451,Stone,Stone- (96)
0.0092,0.0046,236.5782,0.0046,1.0,0.0092,Stone,Stone- (1372)
0.0,0.0,91.4675,0.0,0.0,0.0,Stone,Stone- (1175)
0.0111,0.0056,126.7296,0.0056,1.0,0.0111,Stone,Stone- (1213)
0.011,0.0056,224.3204,0.0056,1.0,0.011,Stone,Stone- (889)
0.0044,0.0022,91.2568,0.0022,0.9455,0.0044,Stone,Stone- (920)
0.0053,0.0026,184.5725,0.0026,1.0,0.0053,Stone,Stone- (65)
0.0,0.0,314.1682,0.0,0.0,0.0,Stone,Stone- (78)
0.0,0.0,265.7466,0.0,0.0,0.0,Stone,Stone- (135)
0.0,0.0,127.0178,0.0,0.0,0.0,Stone,Stone- (1055)
0.0,0.0,143.5579,0.0,0.0,0.0,Stone,Stone- (1353)
0.0272,0.0138,89.3588,0.0138,1.0,0.0272,Stone,Stone- (1211)
0.0,0.0,168.2337,0.0,0.0,0.0,Stone,Stone- (273)
0.0029,0.0014,78.9446,0.0015,0.056,0.0029,Stone,Stone- (409)
0.0095,0.0048,137.072,0.0048,1.0,0.0095,Stone,Stone- (1231)
0.0,0.0,159.1801,0.0,0.0,0.0,Stone,Stone- (1038)
0.0,0.0,139.832,0.0,0.0,0.0,Stone,Stone- (832)
0.0214,0.0108,143.1016,0.0108,1.0,0.0214,Stone,Stone- (1220)
0.0,0.0,159.4138,0.0,0.0,0.0,Stone,Stone- (497)
0.0372,0.0189,76.3058,0.0189,1.0,0.0372,Stone,Stone- (408)
0.0,0.0,164.1505,0.0,0.0,0.0,Stone,Stone- (794)
0.0,0.0,158.7665,0.0,0.0,0.0,Stone,Stone- (128)
0.0,0.0,125.5974,0.0,0.0,0.0,Stone,Stone- (951)
0.1015,0.0534,134.729,0.0534,1.0,0.1015,Stone,Stone- (815)
0.0,0.0,216.5849,0.0,0.0,0.0,Stone,Stone- (203)
0.0148,0.0075,407.35,0.0075,1.0,0.0148,Stone,Stone- (538)
0.0056,0.0028,170.6165,0.0028,1.0,0.0056,Stone,Stone- (763)
0.0112,0.0056,193.5646,0.0056,1.0,0.0112,Stone,Stone- (589)
0.0705,0.0365,167.7749,0.0544,0.1,0.0705,Stone,Stone- (190)
0.0865,0.0452,102.7302,0.0452,1.0,0.0865,Stone,Stone- (1266)
0.0,0.0,188.7235,0.0,0.0,0.0,Stone,Stone- (243)
0.0389,0.0198,202.6379,0.0199,0.8889,0.0389,Stone,Stone- (1368)
0.0132,0.0066,325.5123,0.0071,0.0866,0.0132,Stone,Stone- (109)
0.0,0.0,195.178,0.0,0.0,0.0,Stone,Stone- (727)
0.0322,0.0164,91.285,0.017,0.3166,0.0322,Stone,Stone- (1145)
0.0,0.0,187.839,0.0,0.0,0.0,Stone,Stone- (253)
0.0,0.0,162.2236,0.0,0.0,0.0,Stone,Stone- (285)
0.0,0.0,321.7912,0.0,0.0,0.0,Stone,Stone- (704)
0.0066,0.0033,87.8721,0.0033,0.4118,0.0066,Stone,Stone- (394)
0.0,0.0,161.7276,0.0,0.0,0.0,Stone,Stone- (989)
0.0,0.0,164.76,0.0,0.0,0.0,Stone,Stone- (1320)
0.0108,0.0054,89.8259,0.0055,0.3929,0.0108,Stone,Stone- (459)
0.0,0.0,164.8016,0.0,0.0,0.0,Stone,Stone- (550)
0.0,0.0,134.2784,0.0,0.0,0.0,Stone,Stone- (9)
0.0154,0.0078,123.8249,0.0078,1.0,0.0154,Stone,Stone- (1246)
0.007,0.0035,148.5633,0.0035,1.0,0.007,Stone,Stone- (583)
0.0,0.0,96.0744,0.0,0.0,0.0,Stone,Stone- (944)
0.0459,0.0235,73.9227,0.0272,0.1468,0.0459,Stone,Stone- (325)
0.0,0.0,163.7772,0.0,0.0,0.0,Stone,Stone- (235)
0.0602,0.031,109.2994,0.031,1.0,0.0602,Stone,Stone- (115)
0.0,0.0,148.0007,0.0,0.0,0.0,Stone,Stone- (999)
0.0,0.0,147.6903,0.0,0.0,0.0,Stone,Stone- (976)
0.0,0.0,141.2241,0.0,0.0,0.0,Stone,Stone- (174)
0.0,0.0,80.6226,0.0,0.0,0.0,Stone,Stone- (361)
0.0,0.0,216.8335,0.0,0.0,0.0,Stone,Stone- (202)
0.0,0.0,157.3046,0.0,0.0,0.0,Stone,Stone- (490)
0.0008,0.0004,293.8552,0.0004,1.0,0.0008,Stone,Stone- (1338)
0.0027,0.0014,194.4449,0.0014,0.9444,0.0027,Stone,Stone- (726)
0.0176,0.0089,123.3733,0.0089,1.0,0.0176,Stone,Stone- (1195)
0.0131,0.0066,191.7671,0.0066,0.9934,0.0131,Stone,Stone- (592)
0.0,0.0,151.2886,0.0,0.0,0.0,Stone,Stone- (1050)
0.0,0.0,94.1342,0.0,0.0,0.0,Stone,Stone- (1177)
0.0,0.0,143.4083,0.0,0.0,0.0,Stone,Stone- (314)
0.0,0.0,174.3394,0.0,0.0,0.0,Stone,Stone- (1019)
0.0,0.0,196.4917,0.0,0.0,0.0,Stone,Stone- (1095)
0.0,0.0,135.7979,0.0,0.0,0.0,Stone,Stone- (478)
0.0219,0.0111,124.0606,0.0111,1.0,0.0219,Stone,Stone- (40)
0.0,0.0,147.6696,0.0,0.0,0.0,Stone,Stone- (979)
0.014,0.007,154.388,0.007,1.0,0.014,Stone,Stone- (760)
0.0,0.0,143.9222,0.0,0.0,0.0,Stone,Stone- (884)
0.0033,0.0016,206.4005,0.0016,1.0,0.0033,Stone,Stone- (984)
0.0,0.0,140.8914,0.0,0.0,0.0,Stone,Stone- (171)
0.0294,0.0149,69.8987,0.0154,0.3365,0.0294,Stone,Stone- (353)
0.0,0.0,345.3302,0.0,0.0,0.0,Stone,Stone- (76)
0.0048,0.0024,293.0273,0.0024,1.0,0.0048,Stone,Stone- (29)
0.0113,0.0057,231.7056,0.0057,1.0,0.0113,Stone,Stone- (530)
0.0148,0.0074,87.0852,0.0076,0.2598,0.0148,Stone,Stone- (54)
0.0041,0.002,150.6922,0.002,1.0,0.0041,Stone,Stone- (143)
0.0,0.0,171.2414,0.0,0.0,0.0,Stone,Stone- (197)
0.0,0.0,168.4246,0.0,0.0,0.0,Stone,Stone- (802)
0.0,0.0,154.5411,0.0,0.0,0.0,Stone,Stone- (1071)
0.0,0.0,161.9849,0.0,0.0,0.0,Stone,Stone- (494)
0.0,0.0,152.1568,0.0,0.0,0.0,Stone,Stone- (489)
0.0,0.0,171.5116,0.0,0.0,0.0,Stone,Stone- (563)
0.011,0.0055,292.0155,0.0055,1.0,0.011,Stone,Stone- (1335)
0.0,0.0,95.7683,0.0,0.0,0.0,Stone,Stone- (947)
0.1,0.0526,181.7584,0.0526,1.0,0.1,Stone,Stone- (818)
0.0,0.0,172.3628,0.0,0.0,0.0,Stone,Stone- (545)
0.0167,0.0084,196.9395,0.0084,1.0,0.0167,Stone,Stone- (962)
0.0054,0.0027,149.6162,0.0027,1.0,0.0054,Stone,Stone- (141)
0.0,0.0,177.1331,0.0,0.0,0.0,Stone,Stone- (220)
0.0,0.0,136.7148,0.0,0.0,0.0,Stone,Stone- (49)
0.0063,0.0032,165.5153,0.0032,1.0,0.0063,Stone,Stone- (257)
0.0171,0.0086,81.2987,0.0086,1.0,0.0171,Stone,Stone- (390)
0.0036,0.0018,146.7441,0.0018,1.0,0.0036,Stone,Stone- (857)
0.0,0.0,136.7991,0.0,0.0,0.0,Stone,Stone- (481)
0.0,0.0,142.6403,0.0,0.0,0.0,Stone,Stone- (487)
0.0,0.0,157.4582,0.0,0.0,0.0,Stone,Stone- (283)
0.0,0.0,122.5573,0.0,0.0,0.0,Stone,Stone- (942)
0.0088,0.0044,153.102,0.0044,1.0,0.0088,Stone,Stone- (258)
0.0,0.0,166.5848,0.0,0.0,0.0,Stone,Stone- (1329)
0.0694,0.0359,137.4655,0.0359,1.0,0.0694,Stone,Stone- (99)
0.0,0.0,176.5143,0.0,0.0,0.0,Stone,Stone- (547)
0.0,0.0,141.6336,0.0,0.0,0.0,Stone,Stone- (177)
0.0,0.0,333.1226,0.0,0.0,0.0,Stone,Stone- (711)
0.0059,0.003,154.3771,0.003,0.1352,0.0059,Stone,Stone- (87)
0.0971,0.051,28.3956,0.0511,0.9817,0.0971,Stone,Stone- (1265)
0.0142,0.0071,157.6799,0.0071,1.0,0.0142,Stone,Stone- (1313)
0.0927,0.0486,136.1211,0.0486,1.0,0.0927,Stone,Stone- (814)
0.0068,0.0034,85.6001,0.0035,0.3133,0.0068,Stone,Stone- (1171)
0.0027,0.0014,77.6038,0.0014,0.028,0.0027,Stone,Stone- (338)
0.0096,0.0048,81.3114,0.005,0.1053,0.0096,Stone,Stone- (345)
0.0399,0.0203,140.508,0.0203,1.0,0.0399,Stone,Stone- (823)
0.0015,0.0007,146.3921,0.0007,1.0,0.0015,Stone,Stone- (747)
0.0,0.0,131.8717,0.0,0.0,0.0,Stone,Stone- (1049)
0.0108,0.0054,191.2127,0.0054,0.9008,0.0108,Stone,Stone- (966)
0.0044,0.0022,156.2446,0.0022,1.0,0.0044,Stone,Stone- (238)
0.0,0.0,171.2748,0.0,0.0,0.0,Stone,Stone- (294)
0.0134,0.0067,202.9924,0.0067,1.0,0.0134,Stone,Stone- (901)
0.0,0.0,189.242,0.0,0.0,0.0,Stone,Stone- (611)
0.0,0.0,164.3291,0.0,0.0,0.0,Stone,Stone- (795)
0.0,0.0,325.7371,0.0,0.0,0.0,Stone,Stone- (706)
0.0,0.0,163.4051,0.0,0.0,0.0,Stone,Stone- (1076)
0.0,0.0,305.1048,0.0,0.0,0.0,Stone,Stone- (1109)
0.0,0.0,124.7333,0.0,0.0,0.0,Stone,Stone- (936)
0.0,0.0,165.7212,0.0,0.0,0.0,Stone,Stone- (786)
0.0,0.0,186.6815,0.0,0.0,0.0,Stone,Stone- (145)
0.0013,0.0006,238.8868,0.0006,1.0,0.0013,Stone,Stone- (1308)
0.0,0.0,156.9769,0.0,0.0,0.0,Stone,Stone- (365)
0.0,0.0,207.5424,0.0,0.0,0.0,Stone,Stone- (987)
0.0021,0.001,144.6562,0.001,1.0,0.0021,Stone,Stone- (859)
0.0,0.0,95.8571,0.0,0.0,0.0,Stone,Stone- (948)
0.0093,0.0047,189.8264,0.0047,1.0,0.0093,Stone,Stone- (961)
0.007,0.0035,130.51,0.0035,1.0,0.007,Stone,Stone- (269)
0.0,0.0,310.3909,0.0,0.0,0.0,Stone,Stone- (1113)
0.0,0.0,209.2747,0.0,0.0,0.0,Stone,Stone- (602)
0.01,0.005,89.8073,0.005,1.0,0.01,Stone,Stone- (462)
0.0,0.0,117.5693,0.0,0.0,0.0,Stone,Stone- (381)
0.0,0.0,167.0368,0.0,0.0,0.0,Stone,Stone- (774)
0.0105,0.0053,306.3273,0.0057,0.07,0.0105,Stone,Stone- (110)
0.009,0.0045,86.7326,0.0046,0.2684,0.009,Stone,Stone- (358)
0.0035,0.0018,210.301,0.0018,1.0,0.0035,Stone,Stone- (892)
0.0095,0.0048,75.6546,0.005,0.0818,0.0095,Stone,Stone- (60)
0.0152,0.0077,75.1877,0.0077,1.0,0.0152,Stone,Stone- (1155)
0.0135,0.0068,262.4881,0.0068,1.0,0.0135,Stone,Stone- (1340)
0.0,0.0,138.064,0.0,0.0,0.0,Stone,Stone- (843)
0.0,0.0,265.7066,0.0,0.0,0.0,Stone,Stone- (206)
0.0,0.0,167.6465,0.0,0.0,0.0,Stone,Stone- (735)
0.011,0.0055,206.0039,0.0055,1.0,0.011,Stone,Stone- (529)
0.0,0.0,208.9609,0.0,0.0,0.0,Stone,Stone- (149)
0.0,0.0,174.4255,0.0,0.0,0.0,Stone,Stone- (681)
0.0,0.0,162.1165,0.0,0.0,0.0,Stone,Stone- (1024)
0.029,0.0147,88.8949,0.0147,1.0,0.029,Stone,Stone- (1197)
0.0,0.0,174.7992,0.0,0.0,0.0,Stone,Stone- (680)
0.0047,0.0024,294.6907,0.0024,1.0,0.0047,Stone,Stone- (28)
0.011,0.0055,237.9143,0.0055,1.0,0.011,Stone,Stone- (1303)
0.0097,0.0049,150.9508,0.0049,1.0,0.0097,Stone,Stone- (751)
0.0,0.0,160.1038,0.0,0.0,0.0,Stone,Stone- (1026)
0.0,0.0,195.7427,0.0,0.0,0.0,Stone,Stone- (956)
0.0073,0.0037,86.825,0.0037,0.4247,0.0073,Stone,Stone- (1188)
0.0061,0.003,80.2948,0.0031,0.304,0.0061,Stone,Stone- (395)
0.0011,0.0005,132.7131,0.0005,1.0,0.0011,Stone,Stone- (1306)
0.012,0.006,136.0222,0.006,0.9742,0.012,Stone,Stone- (1241)
0.0,0.0,167.9871,0.0,0.0,0.0,Stone,Stone- (496)
0.0315,0.016,89.059,0.016,1.0,0.0315,Stone,Stone- (1198)
0.0709,0.0368,214.3088,0.0368,0.9987,0.0709,Stone,Stone- (1274)
0.0282,0.0143,156.356,0.0143,1.0,0.0282,Stone,Stone- (974)
0.0,0.0,146.7628,0.0,0.0,0.0,Stone,Stone- (469)
0.0,0.0,151.7193,0.0,0.0,0.0,Stone,Stone- (1061)
0.0,0.0,178.2978,0.0,0.0,0.0,Stone,Stone- (541)
0.0696,0.036,213.5989,0.036,0.9985,0.0696,Stone,Stone- (1277)
0.0,0.0,169.5977,0.0,0.0,0.0,Stone,Stone- (654)
0.0235,0.0119,137.5505,0.0119,1.0,0.0235,Stone,Stone- (808)
0.0,0.0,169.0364,0.0,0.0,0.0,Stone,Stone- (196)
0.0147,0.0074,152.704,0.0074,0.8033,0.0147,Stone,Stone- (131)
0.0,0.0,162.2023,0.0,0.0,0.0,Stone,Stone- (629)
0.0776,0.0403,145.2006,0.0404,0.9795,0.0776,Stone,Stone- (1283)
0.0,0.0,328.4514,0.0,0.0,0.0,Stone,Stone- (697)
0.0,0.0,131.553,0.0,0.0,0.0,Stone,Stone- (63)
0.0,0.0,158.8423,0.0,0.0,0.0,Stone,Stone- (1041)
0.0704,0.0365,75.8323,0.0365,1.0,0.0704,Stone,Stone- (1138)
0.0,0.0,170.0064,0.0,0.0,0.0,Stone,Stone- (297)
0.0027,0.0013,144.9341,0.0013,1.0,0.0027,Stone,Stone- (860)
0.0026,0.0013,135.3813,0.0013,1.0,0.0026,Stone,Stone- (746)
0.0101,0.0051,68.2106,0.0052,0.2756,0.0101,Stone,Stone- (373)
0.0,0.0,124.1068,0.0,0.0,0.0,Stone,Stone- (994)
0.0,0.0,188.8728,0.0,0.0,0.0,Stone,Stone- (255)
0.0,0.0,153.5716,0.0,0.0,0.0,Stone,Stone- (616)
0.0385,0.0196,120.2393,0.0196,1.0,0.0385,Stone,Stone- (1248)
0.0,0.0,169.3255,0.0,0.0,0.0,Stone,Stone- (564)
0.0,0.0,208.3882,0.0,0.0,0.0,Stone,Stone- (608)
0.0,0.0,167.4027,0.0,0.0,0.0,Stone,Stone- (298)
0.0142,0.0071,135.4548,0.0071,0.988,0.0142,Stone,Stone- (593)
0.0,0.0,166.5695,0.0,0.0,0.0,Stone,Stone- (736)
0.0087,0.0044,151.446,0.0044,1.0,0.0087,Stone,Stone- (752)
0.0429,0.0219,72.7114,0.0254,0.1364,0.0429,Stone,Stone- (327)
0.0,0.0,157.3221,0.0,0.0,0.0,Stone,Stone- (282)
