epoch,lr,time,train_total,train_seg,train_aux,train_cls,train_bbox,train_seg_focal,train_seg_tversky,train_seg_chamfer,train_seg_smooth,train_seg_total,val_macro,val_dice_Normal,val_thresh_Normal,val_dice_Tumor,val_thresh_Tumor,val_dice_Stone,val_thresh_Stone
1,2.9999999999999997e-05,245.17657089233398,19.430722899461916,5.663065816563462,8.658879512267587,0.7562059456609307,0.011524141837442927,0.3961258013367029,5.242577375385774,0.047337880840827344,0.0069369655882656886,5.663065816563462,0.018021444210715082,0.0,0.3,0.05284697703923644,0.5,0.0012173555929088085,0.5
2,5.9999999999999995e-05,299.0807502269745,12.750771311409187,2.322943544512644,6.659205964098426,0.4206319381897362,0.009099835076147486,0.036541618417934164,2.2777389540722233,0.01712603157682403,0.0009995191903155254,2.322943544512644,,,,,,,
3,8.999999999999999e-05,272.37540102005005,7.775539062566158,1.1225819064216465,4.166571613225638,0.386777807095366,0.008052632397928163,0.03062085788642149,1.0839137775891738,0.015935753598164386,0.0007939555811990145,1.1225819064216465,,,,,,,
4,0.00011999999999999999,261.3636245727539,5.633379489963591,0.8227781854686936,2.9263729855652256,0.40385624484515004,0.008539170699671925,0.03047692169959039,0.7849853372698679,0.014488474664528834,0.0007169026131404189,0.8227781854686936,,,,,,,
5,0.00015,254.20197868347168,4.587261121310489,0.6924723945753113,2.333886600289669,0.3771781459918821,0.008320269535395624,0.02809688155921036,0.657274340089235,0.014057518868248164,0.000724129249514047,0.6924723945753113,0.801753063319989,1.0,0.3,0.7804709371102062,0.5,0.6247882528497609,0.5
6,0.00017999999999999998,255.48129606246948,3.741444564068505,0.5897089516578232,1.8518390537127463,0.35704190184542645,0.00837389686076624,0.023364312531304953,0.5598915165280485,0.012772006656656393,0.0006711820174965606,0.5897089516578232,,,,,,,
7,0.00020999999999999998,249.302001953125,3.5155087823721125,0.5583200248601939,1.7234136875309245,0.3544619696809671,0.008713896905623025,0.024244497681624153,0.5275734196080587,0.012871191522541714,0.0006651163132490526,0.5583200248601939,,,,,,,
8,0.00023999999999999998,247.4001739025116,3.1182442790394678,0.5177132605687174,1.5009738607088308,0.3313843667682709,0.008737899450809543,0.022398436661743855,0.4893154389327343,0.011870994516471596,0.0006388675672173102,0.5177132605687174,,,,,,,
9,0.00027,245.23835158348083,2.7865590632585957,0.48561841561532143,1.3119209179976536,0.3162055401014486,0.008334073060709027,0.02114260789520151,0.4588795293181042,0.011071482950916601,0.0006053798479972473,0.48561841561532143,,,,,,,
10,0.0003,246.1269063949585,2.5810465050851485,0.4371995601354469,1.2155014085168925,0.30417656394804177,0.008096405158077821,0.01804496444053509,0.41354130876508993,0.01110442322582867,0.0006107535118549356,0.4371995601354469,0.8501024685150472,1.0,0.3,0.790754715340622,0.5,0.7595526902045198,0.5
11,0.0002999911984174669,246.2367560863495,2.5441425436454295,0.43068259775989653,1.197299892326612,0.3008288531003432,0.00820693448527243,0.019374925529761656,0.4057642056738363,0.010966285427481287,0.0006032321633228908,0.43068259775989653,,,,,,,
12,0.0002999647947027726,246.11166214942932,2.391641102653211,0.42318896868105255,1.1290051133782695,0.25882986943964015,0.00797296589830432,0.018934195215679114,0.3988470667729359,0.010693799632544146,0.0006080564631435487,0.42318896868105255,,,,,,,
13,0.0002999207919545099,246.09713649749756,2.162183855957698,0.3961178290838112,1.0043163641955684,0.24333333739211188,0.008049773169664364,0.018120538994547405,0.372790260867006,0.010297715754268926,0.0005817159170021867,0.3961178290838112,,,,,,,
14,0.0002998591953365965,246.24748396873474,2.1055885654391417,0.39605033538591955,0.9718357664801142,0.23583186144394438,0.007890723615821393,0.019209199784099885,0.37155444393451303,0.010455279964030261,0.0005905202954717429,0.39605033538591955,,,,,,,
15,0.00029978001207766854,245.7275002002716,1.9451988518472116,0.3658207783265849,0.9038306411443503,0.2083357922435392,0.007568969451322547,0.016143415688310934,0.3446552188084485,0.009928481048856817,0.0005790221585140698,0.3658207783265849,0.8603776828664484,1.0,0.3,0.832473038608304,0.5,0.7486600099910412,0.5
16,0.00029968325147023263,245.11677646636963,1.8868394359770713,0.3561730507885579,0.885667548012671,0.18702756701566337,0.007487728404910035,0.016536733967382967,0.3349257147217569,0.009308859237297129,0.0005617332711996552,0.3561730507885579,,,,,,,
17,0.000299568924869575,246.3175823688507,1.8387956304465913,0.36539840174556093,0.8606222878302892,0.16731917767734292,0.007491546976185009,0.01723744696487992,0.3432731934779211,0.00965961282118955,0.0005795541732825421,0.36539840174556093,,,,,,,
18,0.00029943704569242917,245.49249267578125,1.7126254490454784,0.3400701859073606,0.8024402757648242,0.15376505468827575,0.007489587898312517,0.0165752192034419,0.3188483825304511,0.00918167473060196,0.0005574762375859381,0.3400701859073606,,,,,,,
19,0.0002992876294154013,245.50761198997498,1.7235384841512946,0.33339417720194026,0.8074374744346785,0.16415875907396138,0.007339197643410843,0.015331155282773774,0.3132559543345075,0.00950026808399372,0.0005693390210876357,0.33339417720194026,,,,,,,
20,0.00029912069357315393,245.53689646720886,1.6265998416000012,0.3268077382037699,0.759777663928988,0.14524430071118932,0.007368529730790943,0.016180252438442812,0.305684568383609,0.009768043608384583,0.0005889637990482426,0.3268077382037699,0.8756921541156748,1.0,0.3,0.8448305578269898,0.5,0.7822459045200347,0.5
21,0.00029893625775634835,246.10889768600464,1.5908481763061428,0.3083687260093567,0.7616553026597693,0.12513236144401563,0.007360825009146676,0.015372342216728636,0.2883492260732498,0.009180865984904356,0.0005672466540238295,0.3083687260093567,,,,,,,
22,0.0002987343436093454,246.10750150680542,1.5733364325270291,0.3154328896698215,0.7467656075687474,0.12313578795828778,0.007229746517442479,0.014247905423933902,0.2966222925189668,0.00901342906069339,0.0005597736339783982,0.3154328896698215,,,,,,,
23,0.00029851497482766547,245.66839933395386,1.4642901447704013,0.2947763354043325,0.6948630444715238,0.11265537070481628,0.007210393304295389,0.013546418800282034,0.27663015027796234,0.009085015543312607,0.0005725954366016357,0.2947763354043325,,,,,,,
24,0.00029827817715520773,246.33680820465088,1.496214481548489,0.31155718201088733,0.7127076455572356,0.10151979540375973,0.0069642372792635444,0.014388521808441558,0.2928544026677599,0.008519019240186445,0.0005474785446504457,0.31155718201088733,,,,,,,
25,0.0002980239783812289,245.7496795654297,1.4793537180500194,0.29817404269352943,0.71014778575426,0.10094342912089857,0.007426992070639301,0.01413728074744802,0.279343618511549,0.009271196440226125,0.0005754630883672751,0.29817404269352943,0.8731204133971598,1.0,0.3,0.8507094039067572,0.5,0.7686518362847228,0.5
26,0.0002977524083370822,246.15450930595398,1.4203751865598855,0.2982498217198549,0.6860510429455192,0.07843034510181196,0.007237997725215882,0.013186692059526455,0.2805909814766525,0.008831760749471965,0.0005626830005089853,0.2982498217198549,,,,,,,
27,0.00029746349889271645,246.09355926513672,1.3630966518795926,0.2748418000200032,0.6555051205689526,0.0907316575861013,0.007065062906961225,0.012765534573657613,0.2576932758482963,0.008652471978837839,0.0005675433070153694,0.2748418000200032,,,,,,,
28,0.0002971572839529358,245.71673607826233,1.2679704221901704,0.2765694691784953,0.6005297549725973,0.07659606385881375,0.0069330123780997404,0.012843921068304277,0.2592805938244217,0.008777022567348792,0.0005644279217877924,0.2765694691784953,,,,,,,
29,0.00029683379945342125,245.95001196861267,1.3830388984813584,0.27750185702278896,0.6676731648798837,0.0898569338450506,0.007012820564312811,0.011670159966671468,0.26149038729106727,0.008569455269787519,0.0005658155191834563,0.27750185702278896,,,,,,,
30,0.000296493083356513,246.18952894210815,1.2928836978776916,0.2678981083713433,0.6172124333582155,0.08528002084925264,0.006873056862420398,0.012332009299763682,0.251163948190774,0.008691309374959466,0.000564965245600638,0.2678981083713433,0.8937647879712939,1.0,0.3,0.879316756935925,0.5,0.8019776069779565,0.5
31,0.00029613517564675565,245.87359762191772,1.3094348928730213,0.26731292596964545,0.6358739431966974,0.07446063905164577,0.006855076952978813,0.012336392563747007,0.2504999970831952,0.00883836152077121,0.0005735530591631096,0.26731292596964545,,,,,,,
32,0.0002957601183262058,245.44905281066895,1.2994480760894833,0.2720506265759468,0.630157475247589,0.06766877583754054,0.007175018401092396,0.012110691531991015,0.25555906920079435,0.008646165551489745,0.0005778257305430174,0.2720506265759468,,,,,,,
33,0.000295367955409503,245.26592636108398,1.24872114127063,0.25775283130851245,0.6118999430909753,0.05918566780053365,0.006895688437693386,0.011449439935959115,0.24202321953974001,0.008448691277270125,0.0005582609360817276,0.25775283130851245,,,,,,,
34,0.00029495873291870436,246.11546444892883,1.2583840353638713,0.25504853137944344,0.6144686402162995,0.06782156216667418,0.006829980856504935,0.0104708705180939,0.24042107622597503,0.008200880285699581,0.000561437858558895,0.25504853137944344,,,,,,,
35,0.0002945324988778834,246.04615664482117,1.1845292457481797,0.23581651438159273,0.5801788942208173,0.06462050565424994,0.006838073094889853,0.010695156896458231,0.22098494216395026,0.008162352499631003,0.0005523849844803646,0.23581651438159273,0.8775247216239546,1.0,0.3,0.8609674298101612,0.5,0.7716067350617025,0.5
36,0.00029408930330749477,245.6367678642273,1.1973352760310572,0.24739639979850558,0.5864237043275181,0.05697723221821567,0.006590821061963557,0.010808140059176671,0.2322809792121297,0.008500068889936482,0.0005724542132213926,0.24739639979850558,,,,,,,
37,0.0002936291982185036,245.87982630729675,1.136432619502095,0.24024711959356568,0.5559420350607465,0.04855277549646209,0.006792224639190448,0.0102171087488977,0.22591021592626398,0.008127908532195955,0.0005584060805317177,0.24024711959356568,,,,,,,
38,0.00029315223760628217,245.95834922790527,1.151568159558542,0.2375832308688401,0.5637165335743293,0.05451852871552375,0.006870371203001647,0.010471236954823488,0.22300165367473637,0.008108410981782567,0.0005613518966624272,0.2375832308688401,,,,,,,
39,0.00029265847744427303,245.56414651870728,1.107263421903106,0.22706896804165855,0.5483657221812073,0.044297887962789204,0.006602696274743654,0.009573308650914065,0.2133696255108332,0.008137433705406498,0.0005731701618650927,0.22706896804165855,,,,,,,
40,0.00029214797567742035,245.25421118736267,1.1344190253364166,0.2371477129849659,0.5543268951319197,0.052146634686358044,0.006744030948682001,0.011452900617545244,0.22147353423066946,0.008330817428522338,0.000558695529506198,0.2371477129849659,0.8854013720615942,1.0,0.3,0.8681630730044771,0.5,0.7880410431803053,0.5
41,0.00029162079221537,245.672429561615,1.1376463778277965,0.2328310831601083,0.5620236663264832,0.04857682377750213,0.0065329735262102465,0.009735616653882142,0.2190804612305971,0.007916576330556415,0.0005671687455553316,0.2328310831601083,,,,,,,
42,0.0002910769889254386,245.66994261741638,1.0581512787130647,0.22195931719445394,0.5156207369617308,0.04959604486137541,0.006507830193305281,0.01027875732178239,0.20771335309897965,0.00782400333824359,0.0005520503045439462,0.22195931719445394,,,,,,,
43,0.0002905166296253533,245.3798508644104,1.080168048553754,0.22307985999221616,0.5373349775857639,0.03778800969143482,0.006574837906598186,0.009662993074949717,0.20919805452963874,0.00832233621666244,0.0005764414885780605,0.22307985999221616,,,,,,,
44,0.0002899397800757626,245.4849145412445,1.0734391148489808,0.22193357845309986,0.5338372414229506,0.03743790248465495,0.006581368787867549,0.009475029124720638,0.2083392643481883,0.008126057847083,0.0005625519890209653,0.22193357845309986,,,,,,,
45,0.0002893465079725187,245.7859969139099,1.0667438885265308,0.21862724782772244,0.5279301370723242,0.04309978927137608,0.006490206250375995,0.00927477543334006,0.20550164734671644,0.007593507252749987,0.0005407148684981902,0.21862724782772244,0.8983648142977829,1.0,0.3,0.8782488085323609,0.5,0.8168456343609879,0.5
46,0.0002887368829387333,245.6958293914795,1.0723272748925377,0.22758563038166515,0.5263617199684703,0.04245851234394354,0.006298083122953753,0.010046366560850378,0.2135146229274337,0.007938569585991723,0.0005535637553498537,0.22758563038166515,,,,,,,
47,0.0002881109765166071,246.0327868461609,0.998794416346007,0.2146721897129925,0.48986316537143204,0.03657692614714297,0.0063046858900748385,0.009690400974445455,0.20086994863490706,0.008110015021017826,0.0005683294841209799,0.2146721897129925,,,,,,,
48,0.00028746886215903387,246.01548957824707,1.0714326933884495,0.21630580155227666,0.5304516865749945,0.04654845639305717,0.0063752583601373045,0.00895803817361197,0.20350987358867187,0.00756562156113613,0.0005507899128747697,0.21630580155227666,,,,,,,
49,0.00028681061522098047,245.69624066352844,1.0207911270392658,0.21597927751711993,0.5012171388108829,0.040367122857517534,0.00623924082452285,0.00948162283228405,0.20260269250489127,0.007678607085817073,0.0005565908623384292,0.21597927751711993,,,,,,,
50,0.0002861363129506435,245.94307708740234,1.015153313850428,0.20889588536850678,0.5091995682850168,0.029751724656761045,0.006285572129073772,0.008991594212702646,0.19595474124208326,0.007788571606992673,0.0005526430895817935,0.20889588536850678,0.8908867410677784,1.0,0.3,0.8774789304267525,0.5,0.7951812927765827,0.5
51,0.0002854460344803842,246.3031325340271,1.0682988191384295,0.2192408013930398,0.5348445670118468,0.03403523838234502,0.006302472118944105,0.009232348275306288,0.20609943851394608,0.007706370722080084,0.0005582933306925795,0.2192408013930398,,,,,,,
52,0.00028473986081744163,245.43807578086853,1.001392240377621,0.20753372337483844,0.5003928229339538,0.03061919431705038,0.006256166247026848,0.00875241472294398,0.19489810890176806,0.0076553171178059655,0.000555406282062009,0.20753372337483844,,,,,,,
53,0.000284017874834426,245.631174325943,0.9900549453785594,0.2067445175678357,0.49310311514772087,0.031209445822815325,0.006156215265012926,0.008705101498733006,0.19402551444135216,0.007913988602898664,0.0005690685813904908,0.2067445175678357,,,,,,,
54,0.0002832801612595937,245.9886133670807,1.0190562036141988,0.21050632170264985,0.5145907719712217,0.02421393092910509,0.006155591525432424,0.008679783457971827,0.1979825462961901,0.007576296498768302,0.0005584364961011455,0.21050632170264985,,,,,,,
55,0.0002825268066669034,245.45520615577698,0.9586935150217636,0.21086734401657006,0.4685558075797183,0.03248926747274359,0.006182233686558902,0.008503862960986045,0.19849913068486288,0.007616641059206556,0.0005602941329916147,0.21086734401657006,0.88961519667231,1.0,0.3,0.8791322267433379,0.5,0.7897133632735921,0.5
56,0.00028175789946585693,246.06817293167114,0.9506223687307217,0.194625013278729,0.47734870722624645,0.02770421934369462,0.0060670572742624745,0.008004827397684712,0.18278310499129652,0.007562122423371242,0.0005601912254565279,0.194625013278729,,,,,,,
57,0.0002809735298911234,246.20971202850342,0.9640814856484688,0.2002258123439878,0.4810915595220392,0.029863481210476477,0.006108119685345461,0.008231729002179108,0.18827434012383534,0.007329340951629373,0.00055072900765019,0.2002258123439878,,,,,,,
58,0.00028017378999195015,245.59487891197205,0.9526701608565465,0.19751118860543945,0.47556229512065806,0.029219591094391182,0.006231576894868302,0.008155959669219608,0.18561792924892917,0.007365437238678307,0.0005458083717555587,0.19751118860543945,,,,,,,
59,0.0002793587736213603,245.18207335472107,0.9483504250830926,0.194266257602819,0.4725804444934554,0.033259751684572944,0.005906782514678987,0.008776263995969202,0.18149463796295734,0.00787931249840729,0.0005569957253977328,0.194266257602819,,,,,,,
60,0.00027852857642513836,245.11361694335938,0.9347973389560795,0.19655245849716413,0.4651113409093089,0.028204029952280565,0.006119940755705968,0.00815439112395315,0.18449915569831485,0.007684068344376115,0.0005687710248588205,0.19655245849716413,0.8952867966188028,1.0,0.3,0.8840940003481386,0.5,0.8017663895082697,0.5
61,0.00027768329583060635,246.2425422668457,0.9464350804315967,0.1968998258777392,0.4758880504002278,0.023581067171334416,0.005993576743518104,0.00766615332452445,0.18550709171064628,0.007342197102919972,0.0005548194093301804,0.1968998258777392,,,,,,,
62,0.00027682303103518976,245.74543118476868,0.9330100962082754,0.19885899199182608,0.46421843453637124,0.02579260266824965,0.005947330804768443,0.008627351521124578,0.1863961342078541,0.0075597913143577306,0.0005561070324064059,0.19885899199182608,,,,,,,
63,0.00027594788299477655,245.67213344573975,0.9327702385748868,0.18748726891548767,0.4732294847910824,0.023037329513698523,0.006130238103403598,0.0076679652372021005,0.1760861644160529,0.00735553888099223,0.000553700560223889,0.18748726891548767,,,,,,,
64,0.0002750579544118695,246.06723880767822,0.9060736896509197,0.19014378015320085,0.4556178259261011,0.020570386590425562,0.0058971785348096465,0.00805063534793761,0.17831509587164793,0.00744626581010132,0.0005491631863060796,0.19014378015320085,,,,,,,
65,0.00027415334972353357,245.41534543037415,0.9441364679427047,0.19288991070328115,0.48285324600432555,0.015191902818603144,0.005820092937423901,0.0077576106003926296,0.18137051764856146,0.007410922917264333,0.0005632076731552942,0.19288991070328115,0.8964922708639178,1.0,0.3,0.8795947732976032,0.5,0.8098820392941503,0.5
66,0.0002732341750891397,245.28713488578796,0.8766901140827783,0.19220516639054602,0.4335528371748344,0.022298181962436582,0.005860800160026831,0.007954231786448081,0.18065758303041857,0.007076737065890198,0.0005498332980310444,0.19220516639054602,,,,,,,
67,0.00027230053837790666,245.49251055717468,0.8663052035817457,0.18450640316769792,0.4331357972062539,0.02029646834351055,0.00582887993635444,0.007082835664784935,0.17374526901433918,0.00724609498397346,0.0005525104069044016,0.18450640316769792,,,,,,,
68,0.0002713525491562421,246.15872311592102,0.8967545737965881,0.1916334917220282,0.4455077158194523,0.024808144934602573,0.005957743527821182,0.0075130260827610115,0.1803597210472479,0.007408928549802213,0.0005627984738657212,0.1916334917220282,,,,,,,
69,0.0002703903186748843,245.90297627449036,0.9007359986042321,0.19115448474008784,0.44971814340087757,0.023179174017355017,0.005843164375800327,0.00785966761049029,0.17964301621102538,0.0071913002895446386,0.0005615094278112276,0.19115448474008784,,,,,,,
70,0.00026941395985584653,246.0974977016449,0.8775508510514469,0.18040736449433792,0.44844132093761446,0.012593879054575903,0.005880077866866638,0.006826809425585347,0.1699628138851316,0.0071233891399655885,0.0005604678298992316,0.18040736449433792,0.9013857167283429,1.0,0.3,0.8851912895864974,0.5,0.8189658605985316,0.5
71,0.00026842358727916524,245.60609698295593,0.8572788121988167,0.17517839318765474,0.4358945097384184,0.016738869086136886,0.005695124313720448,0.006832151464293272,0.16477158365902828,0.007038790169059231,0.0005526320071936205,0.17517839318765474,,,,,,,
72,0.0002674193171694533,245.79458165168762,0.8740496934728005,0.18860194479793077,0.43703585769005937,0.018094252802972915,0.005832342788271109,0.007695337213942762,0.17718191911997908,0.007337902274772986,0.0005573727046042018,0.18860194479793077,,,,,,,
73,0.0002664012673822609,246.19400262832642,0.8668623462085324,0.1785215164890698,0.4397710270531163,0.017009597642524917,0.005768732176770588,0.006819787150214143,0.16806945229602577,0.007151957469998739,0.0005629890202007504,0.1785215164890698,,,,,,,
74,0.0002653695573902443,245.49879121780396,0.8755433587893766,0.17504349373846623,0.4453771090115474,0.02103478684185174,0.005636611097938435,0.007205988306436213,0.164265453219365,0.007034046020168635,0.0005502894164142424,0.17504349373846623,,,,,,,
75,0.0002643243082691454,245.50485920906067,0.8609011854332779,0.17957880086611702,0.4293311583463356,0.025468061195432237,0.005858557240876579,0.007424208158822194,0.16836317955255412,0.00746841041006438,0.0005720759384801958,0.17957880086611702,0.902038587167255,1.0,0.3,0.8896595591813602,0.5,0.8164562023204047,0.5
76,0.0002632656426835831,245.65353083610535,0.8208919596463364,0.17331688267456768,0.41083535422078526,0.019183669169732676,0.006004418894046361,0.006997131079624904,0.16278815024205684,0.006955324474759327,0.0005393964182180919,0.17331688267456768,,,,,,,
77,0.0002621936848726576,245.81172919273376,0.85925065642174,0.18149312505381504,0.43387438919083143,0.015151005203284152,0.005830724275041937,0.0068975257060928784,0.17105661423057708,0.006966216040220378,0.0005587695431183958,0.18149312505381504,,,,,,,
78,0.00026110856063537083,245.60233879089355,0.8186360841192774,0.17391529906155903,0.41090916434066704,0.017006365658583354,0.0056088685845232114,0.0067686983268767115,0.16357290758921994,0.007036641511792192,0.0005537210692865582,0.17391529906155903,,,,,,,
79,0.00026001039731586334,245.67565488815308,0.8246241210720926,0.18425978233316104,0.4132768684505675,0.008845043323269734,0.005732469844597719,0.007433399644274087,0.17330070944132372,0.00694187774019851,0.000547348305390092,0.18425978233316104,,,,,,,
80,0.0002588993237884696,245.7015941143036,0.7992393280140548,0.16403581946113036,0.4030039381230962,0.01919320230968854,0.005684674050688197,0.006569712099293735,0.1537972528375295,0.007224768363345821,0.0005647018429973234,0.16403581946113036,0.903322499833846,1.0,0.3,0.8946829544899676,0.5,0.8152845450115707,0.5
81,0.00025777547044259435,246.10806274414062,0.8552078761608969,0.17609490855616464,0.4385762072573001,0.009797515741713031,0.005661460199955295,0.007450500186506832,0.1649374172532765,0.007299519306393425,0.0005723130312445863,0.17609490855616464,,,,,,,
82,0.00025663896916741056,245.70882558822632,0.7747090816429538,0.16718106481602601,0.38937987602293445,0.012070801872184043,0.0056287030877145644,0.006851336710835065,0.15681886129295794,0.006910707008862942,0.0005551285833828971,0.16718106481602601,,,,,,,
83,0.00025548995333638197,245.8541066646576,0.8039753861939876,0.17254465542909206,0.40174608875592654,0.017364042890633907,0.0056583711142098305,0.006506608979665572,0.16259320696611054,0.0067806456566249455,0.0005451649826848776,0.17254465542909206,,,,,,,
84,0.00025432855779161076,245.87874484062195,0.7804139807079163,0.1701432346629652,0.3916348612706387,0.0114572792901267,0.005615591642956361,0.006355062425541886,0.160274035977541,0.0069184282055037485,0.0005492191511530585,0.1701432346629652,,,,,,,
85,0.00025315491882801347,245.4658522605896,0.78335802964086,0.162626498056995,0.4004935268583922,0.008607320131721856,0.005628079462263743,0.006745614326311853,0.15229007980849651,0.00706916518938479,0.0005622142293783489,0.162626498056995,0.9035804560283686,1.0,0.3,0.8903030997366012,0.5,0.8204382683485044,0.5
86,0.00025196917417732615,245.6054563522339,0.7978805559077812,0.17212270647872494,0.39823256803101115,0.016902171664180447,0.005685856711199868,0.006457605231653884,0.1621613575545437,0.006896758935432844,0.0005536370358664661,0.17212270647872494,,,,,,,
87,0.0002507714629919409,245.67305827140808,0.780831180059434,0.16337114099549685,0.39440470025996577,0.014413390613339995,0.00565516049589679,0.006671714178482753,0.1531713208858977,0.006944095863132824,0.0005605803613834533,0.16337114099549685,,,,,,,
88,0.0002495619258285757,245.40156960487366,0.7613648558864419,0.15883793168169744,0.3883039738095478,0.008938994808107217,0.0055004814732636945,0.00629640113876545,0.14906152935591355,0.006848987403680163,0.0005550810722225066,0.15883793168169744,,,,,,,
89,0.00024834070463177935,245.37261581420898,0.7706295191724809,0.16063719792827885,0.3940151848961936,0.007487663285549119,0.005672946728336873,0.006162280251021516,0.1508790393096653,0.007079308937026855,0.0005622399232227017,0.16063719792827885,,,,,,,
90,0.00024710794271727413,245.91859197616577,0.8020705804813907,0.16847881985857538,0.40313731203665126,0.01761752746936204,0.005570661265760202,0.00653266081362792,0.15855710576800386,0.006668471595935563,0.0005481772325084702,0.16847881985857538,0.8964550585637401,1.0,0.3,0.8772504155167742,0.5,0.8121147601744458,0.5
91,0.0002458637847551364,246.0602993965149,0.7836620678822875,0.16671105476915446,0.3973534586741857,0.009677821682674587,0.0055561792676846605,0.006324540244211828,0.15705769717405643,0.006549335117159285,0.0005414925900648905,0.16671105476915446,,,,,,,
92,0.00024460837675281926,245.7605686187744,0.8085999556119842,0.16799196918465742,0.4107926358244533,0.01286776874533425,0.005704544954086015,0.006387309058234449,0.15825859307682053,0.006582312577024132,0.0005491032922181867,0.16799196918465742,,,,,,,
93,0.00024334186603801807,245.77138924598694,0.7456550765392512,0.16517952917124198,0.3691523365617891,0.015397815623346484,0.005610608401908222,0.006275290584491803,0.15561011834045707,0.006480545984355672,0.000538472034990435,0.16517952917124198,,,,,,,
94,0.00024206440124138062,246.05102634429932,0.8125714216069245,0.16187713461616005,0.415215304336492,0.016190548277031147,0.005778018133751365,0.006313352649605937,0.1520137305015513,0.006987852663517072,0.0005612498370049666,0.16187713461616005,,,,,,,
95,0.0002407761322790648,245.79559707641602,0.7575067882450464,0.16080859193093197,0.3842695625925544,0.009144958603631105,0.0055076591684227,0.006087698408666723,0.15133466337580742,0.006662447528598351,0.000550057520250205,0.16080859193093197,0.9028403115684595,1.0,0.3,0.8908857008391365,0.5,0.8176352338662422,0.5
96,0.00023947721033514512,245.6554639339447,0.7608716265781154,0.16274556598421283,0.38316651250550243,0.01214280757710973,0.005555247183686795,0.0066398282884543944,0.1525131492090475,0.007071290378398152,0.0005694351022888136,0.16274556598421283,,,,,,,
97,0.00023816778784387094,245.96115922927856,0.7755930615023403,0.16263014305851067,0.39573120335449163,0.00843003394148228,0.0053995612885922445,0.006119295790823816,0.15309064504471045,0.006729158022013098,0.0005562273831165692,0.16263014305851067,,,,,,,
98,0.0002368480184717773,246.79112601280212,0.7943413897529634,0.16384940842746792,0.40349206495152407,0.014224313254936671,0.0054512344259910125,0.006130823730565766,0.15431039385785256,0.006704338244314876,0.0005602179406777162,0.16384940842746792,,,,,,,
99,0.00023551805709965147,246.14877128601074,0.7568537860972251,0.15484829418146642,0.3855340171932043,0.01271237187759937,0.005430287123823548,0.005713688456083109,0.1456854422479205,0.006786322919956618,0.0005600238851454725,0.15484829418146642,,,,,,,
100,0.00023417805980435733,246.60206961631775,0.7467196648013997,0.1597433289079025,0.37771585547847975,0.009349782578677378,0.005464338410873678,0.005861449272281012,0.15063209233425207,0.006391920945291327,0.0005382726802016,0.1597433289079025,0.8989739797582709,1.0,0.3,0.8877624880451549,0.5,0.8091594512296578,0.5
101,0.00023282818384051866,246.29851126670837,0.7428971519840013,0.156641247484794,0.3769964221743038,0.009863396900923941,0.005380976085303624,0.005958454144887897,0.147323574756238,0.006606715208253792,0.0005586086507771681,0.156641247484794,,,,,,,
102,0.00023146858762206489,245.58148407936096,0.7361148255804056,0.1554213385451195,0.3722270137059907,0.011306602517096287,0.005459657073306183,0.005902512281554378,0.14616213812302623,0.006601997256620009,0.0005568946806935037,0.1554213385451195,,,,,,,
103,0.00023009943070364044,245.98530220985413,0.747541505999434,0.15713155013630994,0.3783874580300174,0.011739487382417724,0.005479506294959815,0.0064019847878621266,0.1474396703589259,0.006471884827454789,0.0005395300195946529,0.15713155013630994,,,,,,,
104,0.0002287208737618801,245.90206480026245,0.7627832320328626,0.15445705026714862,0.38881882904795606,0.01412972552593778,0.005416665900942348,0.006096260600049214,0.14493495327205988,0.006739163296325001,0.0005625478629101616,0.15445705026714862,,,,,,,
105,0.00022733307857655325,245.7522373199463,0.74217995408074,0.15320895028212814,0.37847205355743874,0.010332236067645691,0.005396952386488358,0.006362988192226045,0.14346584475950303,0.006649376594924572,0.0005542869095438975,0.15320895028212814,0.9026405781150223,1.0,0.3,0.8896108991876222,0.5,0.8183108351574446,0.5
106,0.00022593620801157808,246.368745803833,0.7241419251296298,0.1568034830410521,0.36303800351293614,0.011642278726761024,0.0055043942257530344,0.006045228747536089,0.14734424918119585,0.006716230248309963,0.0005589038766953328,0.1568034830410521,,,,,,,
107,0.00022453042599590882,245.52556824684143,0.7337113999473955,0.15411203582917404,0.3751537833260421,0.00594411773276246,0.0054008643211753,0.006294927341095232,0.14450323709447657,0.006518822785104483,0.0005445992051921961,0.15411203582917404,,,,,,,
108,0.00022311589750429787,246.32495880126953,0.7055418381896552,0.15083867288316496,0.3567401785683862,0.008720258664189868,0.005368513506636053,0.005981584567395624,0.14160546142832225,0.006393321825990439,0.0005496612036911861,0.15083867288316496,,,,,,,
109,0.00022169278853793545,246.11744737625122,0.7020177310186375,0.15319813377375066,0.3534854642122847,0.007721662710612438,0.005367592964668792,0.006247051969008747,0.14359706344755843,0.00659960875863367,0.0005421437209020875,0.15319813377375066,,,,,,,
110,0.00022026126610496852,246.12650847434998,0.7115810318308741,0.14579874021488765,0.3614337424216158,0.012748394593349411,0.005375823806313047,0.006007376219284921,0.13647036115926597,0.006532900746368087,0.0005455241657989935,0.14579874021488765,0.9034935816196915,1.0,0.3,0.8887163927339269,0.5,0.8217643521251474,0.5
111,0.0002188214982009016,244.51289081573486,0.7308991089736292,0.1494061722546933,0.37315908483722054,0.011025305356378176,0.00529966239390178,0.005426226972813501,0.14073557076800167,0.00637887041520264,0.0005493930471304948,0.1494061722546933,,,,,,,
112,0.00021737365378888187,244.77719807624817,0.6995572655983464,0.15153720394186482,0.3533583820806036,0.006903598217619755,0.005473154451312858,0.0060055557572046975,0.14218403334505075,0.006584966744736467,0.0005513162240281631,0.15153720394186482,,,,,,,
113,0.00021591790277987043,245.09668612480164,0.707134677053317,0.14845574955597363,0.3594123363343716,0.008642847701973369,0.005395373333177252,0.005837659829569534,0.13930582116645668,0.006513815781074004,0.0005536070012134187,0.14845574955597363,,,,,,,
114,0.00021445441601270276,245.26529741287231,0.6724672859012886,0.14615490691460845,0.33864118798709075,0.007562184798475579,0.005332799949738104,0.005556169967601351,0.13737719960837425,0.006334844879504795,0.0005411497084766746,0.14615490691460845,,,,,,,
115,0.00021298336523403968,244.9803910255432,0.6689264253805836,0.14777143589703667,0.3384000527326881,0.002780201918541309,0.0053211953826199886,0.00601816120703311,0.13844716434942372,0.006503166976710217,0.0005452680450911983,0.14777143589703667,0.9051722727901476,1.0,0.3,0.8893099257899454,0.5,0.8262068925804973,0.5
116,0.0002115049230782124,243.71547436714172,0.6883269662564103,0.14445767626629566,0.35234822957444767,0.004682984677872534,0.005266747835119065,0.00594234351220235,0.13523531902620461,0.00644858563416274,0.0005572099911022114,0.14445767626629566,,,,,,,
117,0.00021001926304696296,244.60912108421326,0.7205056343812749,0.1514895546081822,0.3655747735204848,0.009645557043588191,0.0054423450550225355,0.0055914059154038975,0.14251736089640848,0.00664679641839658,0.000573898609546865,0.1514895546081822,,,,,,,
118,0.00020852655948908316,244.4733338356018,0.6904986144106894,0.15094971969231222,0.3476033465350437,0.0073963033382381214,0.005307791900198726,0.0054956794443207484,0.14217102131440612,0.006455501825238623,0.0005526756436256381,0.15094971969231222,,,,,,,
119,0.0002070269875799538,245.52707195281982,0.6832236025813987,0.15172817434686484,0.3440272987488638,0.004578299022707719,0.005374079848260555,0.006117506934322553,0.14225069346169683,0.00660957495305344,0.0005518616171398994,0.15172817434686484,,,,,,,
120,0.00020552072330098716,245.51027870178223,0.6846485312403965,0.1435049247394038,0.35015542096707053,0.005474405714832716,0.005151194964623303,0.0057630749986722915,0.13457544920088343,0.006223363630328171,0.000547184942846969,0.1435049247394038,0.904115351416909,1.0,0.3,0.8917261768145222,0.5,0.820619877436205,0.5
121,0.0002040079434189748,247.82423305511475,0.7055294206414703,0.14916918446743832,0.35636705222676135,0.01126925454687075,0.005202336540367669,0.005823570665321617,0.14002768246515493,0.006525473421160223,0.00055194272763449,0.14916918446743832,,,,,,,
122,0.00020248882546534326,247.46299195289612,0.6785693767612205,0.1408488959883442,0.34897451321667555,0.003857141079621398,0.0051383918694632505,0.0053484734955075545,0.13226099536846836,0.006368326950277061,0.0005526348639117171,0.1408488959883442,,,,,,,
123,0.00020096354771531976,246.95054960250854,0.7116033264694257,0.14536430952699944,0.36060596893161184,0.014647518774797069,0.0052783838796297685,0.005703843982634409,0.13647599753567763,0.006258916559957361,0.0005500986782996367,0.14536430952699944,,,,,,,
124,0.00019943228916701104,247.5326864719391,0.6878306633007776,0.14477482339408718,0.3494203443429197,0.008362438124870317,0.005217656090609359,0.005531132028351906,0.13616821370380125,0.006043013237280063,0.0005397138093935395,0.14477482339408718,,,,,,,
125,0.00019789522952039695,246.99581480026245,0.7104631906170495,0.14423522811031936,0.366232353784339,0.006147050488921409,0.0053000936578137614,0.005361259978561171,0.13564248279673266,0.006352249953276932,0.0005536086703123813,0.14423522811031936,0.9040820962172459,1.0,0.3,0.8874390578855051,0.5,0.8248072307662323,0.5
126,0.0001963525491562421,247.04256963729858,0.6477554415776857,0.14029937067693246,0.327335983400199,0.005902335985439404,0.005208739822216001,0.005497118525806795,0.13151931067007103,0.006451870912319678,0.0005700609230360425,0.14029937067693246,,,,,,,
127,0.00019480442911492702,247.20838451385498,0.6632066985289932,0.13858709440820152,0.33875220350882146,0.005963477563749663,0.005198607677002608,0.005426830491517349,0.13007820738206438,0.006055789667522079,0.0005416153452504812,0.13858709440820152,,,,,,,
128,0.00019325105107520263,247.31367778778076,0.6870122123314604,0.1432459310089672,0.34848898459827476,0.010155148197017981,0.005372548158157431,0.005281786907670583,0.13479225851317467,0.006234428243936651,0.0005467123182872779,0.1432459310089672,,,,,,,
129,0.00019169259733286913,248.13713431358337,0.693761511583915,0.143738034205677,0.35680365531232344,0.00421178208227776,0.00523928221387067,0.005489470945800416,0.13497941121361487,0.006425579246852019,0.0005636291018296649,0.143738034205677,,,,,,,
130,0.00019012925077938314,247.79544758796692,0.6676776173319765,0.14497315701150887,0.3377803658617963,0.0053460644404624315,0.005279166617702585,0.005519026911729723,0.13637162907858483,0.006057221523715556,0.0005389059083165231,0.14497315701150887,0.9010761878840908,1.0,0.3,0.8849185312241946,0.5,0.8183100324280778,0.5
131,0.0001885611948803941,253.18008995056152,0.6639493879696344,0.13987487486651393,0.3404314263518997,0.0031534130917729715,0.005070143706574841,0.005223722858465684,0.13144088915003102,0.00630887338158087,0.0005582669286137503,0.13987487486651393,,,,,,,
132,0.0001869886136542143,264.59392499923706,0.6667057472763885,0.13450832568664903,0.3448338769344279,0.004739809391086401,0.005043325786197227,0.005290795573678248,0.12604238360837414,0.006238950431645246,0.0005567110445896981,0.13450832568664903,,,,,,,
133,0.00018541169165022298,254.47798991203308,0.6724026029519932,0.14107420072154536,0.34425041661232086,0.00437634748332695,0.005222079178461006,0.005551855716190279,0.13238070327886112,0.006173874381178422,0.0005470457746819026,0.14107420072154536,,,,,,,
134,0.00018383061392720913,267.4506883621216,0.6607741692118073,0.1341419313456473,0.3377209368654089,0.009465846025502683,0.0052299176305300845,0.005095785355417263,0.1259225442730066,0.006137340357472282,0.0005493144463032029,0.1341419313456473,,,,,,,
135,0.0001822455660316536,258.3958947658539,0.625585162158841,0.12974546270942344,0.3207453058159292,0.004035663005948838,0.005281950889127232,0.004907601844157941,0.12169719134891377,0.006171140954964605,0.0005509885336394776,0.12974546270942344,0.9026969356981874,1.0,0.3,0.8896762907060495,0.5,0.8184145163885126,0.5
136,0.00018065673397595473,253.13462042808533,0.6563203527070387,0.13545777892367183,0.33689808601463067,0.005037856519746121,0.0051723360122091265,0.005139166653581105,0.12726878045804565,0.005991739749986007,0.0005396250014072064,0.13545777892367183,,,,,,,
137,0.00017906430421659876,250.90692853927612,0.6201131089117514,0.13136900338973284,0.31694211732170724,0.0032072405226411674,0.004996045177628125,0.005518573100806009,0.12276219249659105,0.006066805113885075,0.0005483523331140199,0.13136900338973284,,,,,,,
138,0.00017746846363227842,250.25781154632568,0.6646490890425459,0.13399292689050835,0.3441208421517193,0.00442998230166236,0.004960750652500306,0.0051028549725114225,0.1258424654242178,0.005987808633589153,0.0005370221627187879,0.13399292689050835,,,,,,,
139,0.00017586939950196186,248.17967700958252,0.6352123878847477,0.13183064733666042,0.32508984471473806,0.005154446583092173,0.005234799376616976,0.005057451513236881,0.12359036269222254,0.006253384743832655,0.0005614079334594843,0.13183064733666042,,,,,,,
140,0.00017426729948291474,248.4717299938202,0.6218122995863254,0.1344358437104609,0.31115652767423885,0.010166450012221129,0.005169353627810664,0.00611624078366388,0.12491383240436306,0.006697471177881079,0.0005703548220442931,0.1344358437104609,0.9020268165640077,1.0,0.3,0.8836716181844663,0.5,0.8224088315075567,0.5
141,0.00017266235158867752,248.6398847103119,0.6454680080072106,0.133702422337392,0.3316987272356856,0.0038872513900569438,0.005101572698121159,0.00549902440214387,0.1250476741496503,0.00620131993792611,0.0005506398843977562,0.133702422337392,,,,,,,
142,0.00017105474416700164,247.63435196876526,0.6435053074410605,0.1275871202504477,0.33519283536192596,0.002731900087499718,0.005136779780409431,0.004992363598311676,0.11949964079467082,0.0060788734014288045,0.0005567890356745996,0.1275871202504477,,,,,,,
143,0.0001694446658777458,247.35522031784058,0.6379826828808138,0.1297573303165041,0.32937794954501365,0.003675379355971165,0.00517706031891571,0.005036676241297041,0.12166224568545897,0.006007833072035092,0.0005449236562559826,0.1297573303165041,,,,,,,
144,0.00016783230567073596,247.9828498363495,0.624917845734205,0.12777891391473797,0.3214269156631141,0.004783375254316074,0.0050439991801123855,0.005088074563376798,0.11955830085954351,0.0061547814354349865,0.0005514736156480958,0.12777891391473797,,,,,,,
145,0.00016621785276359127,247.67940998077393,0.644699918488967,0.13167673851002534,0.33337683169093807,0.0025935898592475398,0.005115416050426594,0.004724415559403925,0.1238899228080171,0.006015427130306779,0.0005468625593646302,0.13167673851002534,0.903787860682589,1.0,0.3,0.8866960977136134,0.5,0.8246674843341535,0.5
146,0.0001646014966195185,248.1155550479889,0.6522827070177147,0.13714942747619763,0.3365574581475431,0.00012444388314001412,0.005022954126863852,0.005390162190470567,0.12866866096600657,0.006071202732561368,0.000550027689533488,0.13714942747619763,,,,,,,
147,0.00016298342692507763,247.8149757385254,0.6746311317666078,0.13385100043817613,0.34961621622036576,0.006078831284362402,0.005073595534539562,0.005246120370467801,0.12546015481698614,0.006178739900498926,0.0005535527667539171,0.13385100043817613,,,,,,,
148,0.00016136383356792156,247.92627358436584,0.6295774241236491,0.12989101287206703,0.32438611823648544,0.0031905285879134312,0.00489538867107022,0.00494822197971946,0.1220500448423667,0.005679296486031542,0.0005309782323077567,0.12989101287206703,,,,,,,
149,0.0001597429066145116,247.36661005020142,0.6162922045323237,0.12685702292063317,0.31607363112660913,0.005060130454757752,0.005064800697231314,0.005031329896765017,0.11879215356942598,0.005957202712862926,0.0005493795286774293,0.12685702292063317,,,,,,,
150,0.0001581208362878126,247.70817732810974,0.6250676031502364,0.13061699171487184,0.3204802688663683,0.003405171614981173,0.005097704013097661,0.005310529239182555,0.12220259650405593,0.006098408976510954,0.0005466155397465132,0.13061699171487184,0.9048019794842505,1.0,0.3,0.8940734874274685,0.5,0.8203324510252825,0.5
151,0.00015649781294496933,247.77333402633667,0.6189721880714697,0.1282737516927294,0.3166361207438882,0.005932860596375797,0.004839988655157153,0.005173708170351295,0.12001948355982343,0.006050438520458042,0.000553406191730664,0.1282737516927294,,,,,,,
152,0.00015487402705496707,247.5556674003601,0.5897674479409662,0.13058271524965695,0.29697034098862024,0.0034760810294674886,0.005058850494825345,0.005775156372474846,0.1216420438960414,0.0062211358480327595,0.0005494690133468675,0.13058271524965695,,,,,,,
153,0.0001532496691762796,247.38656640052795,0.5926033161697587,0.12520425710814923,0.30332765982048077,0.0023097787241143195,0.004985818186383548,0.004759017819811009,0.11736431456334323,0.006051163264120263,0.000553432543049213,0.12520425710814923,,,,,,,
154,0.00015162492993450597,246.8380720615387,0.6041729272762557,0.1275086229440332,0.3087291877405323,0.0035821711582707865,0.0049353412261686205,0.005247726172884726,0.11923260829674753,0.005947998294039242,0.0005428906269312083,0.1275086229440332,,,,,,,
155,0.00015,247.25537180900574,0.6170583825646193,0.12620808194874156,0.3168031812757644,0.005396551077729139,0.005060061133870153,0.0050944045794747116,0.1181181156666491,0.005882189032443097,0.0005446700879760224,0.12620808194874156,0.905982304645224,1.0,0.3,0.8941449782382288,0.5,0.8238019356974432,0.5
156,0.00014837507006549403,246.0178484916687,0.5932804038943187,0.12572921432020795,0.303513122788333,0.0021954534266855233,0.004980753363946365,0.005265648054821537,0.11729697801943147,0.0062208328763232075,0.000561717198466433,0.12572921432020795,,,,,,,
157,0.00014675033082372038,246.57095313072205,0.6179485847973581,0.12559876969835054,0.31951036733143634,0.003029515763742916,0.004958517541340918,0.004687695025400251,0.11795870554926001,0.005796825170626069,0.0005395624058391059,0.12559876969835054,,,,,,,
158,0.00014512597294503293,245.40432381629944,0.5948676804753499,0.12415790638712074,0.3056787125190791,0.0025238364638801893,0.0047707521859178545,0.004818735769541105,0.11639379717334032,0.0057813543128030645,0.0005469615688554235,0.12415790638712074,,,,,,,
159,0.00014350218705503067,244.07603240013123,0.584090614311046,0.12574637339923395,0.29704682851034697,0.003130315713138277,0.004757372532905377,0.005063110295712402,0.11763566278569712,0.005985145022074298,0.0005502796455174294,0.12574637339923395,,,,,,,
160,0.00014187916371218736,243.74773979187012,0.6051329698374602,0.12308127280563623,0.31223435091654433,0.0036855441427277764,0.004941937765069989,0.005391520844635396,0.11468300937567667,0.0059046851374993355,0.0005439994518249844,0.12308127280563623,0.9025060038966309,1.0,0.3,0.8925919429300839,0.5,0.8149260687598092,0.5
161,0.00014025709338548836,243.91514372825623,0.6165191539031751,0.12557081327071482,0.31896933858863113,0.0027156896153181244,0.004827618883424122,0.005227660651448858,0.1172072989085972,0.006157827247136836,0.0005694005653846196,0.12557081327071482,,,,,,,
162,0.00013863616643207844,244.0329704284668,0.5718450863401927,0.11996534219406624,0.2947323710891706,6.32760951122762e-05,0.004796615650746922,0.004766621853839618,0.11215735809068093,0.005972659883890633,0.0005503251812458041,0.11996534219406624,,,,,,,
163,0.00013701657307492235,244.6101896762848,0.5962004966799813,0.1222795403820916,0.30695754458337865,0.004063617834523127,0.004649366237039078,0.005068461732595735,0.11413915546035579,0.006032143843509421,0.000558507938519442,0.1222795403820916,,,,,,,
164,0.00013539850338048154,244.59239196777344,0.6117603951060647,0.12140399259295685,0.319361786800711,0.0017950308070182525,0.0046951249616674065,0.00531193065859776,0.11306041402069374,0.005954348528342467,0.0005447361869510465,0.12140399259295685,,,,,,,
165,0.00013378214723640876,244.38332533836365,0.5965888605340925,0.12282404223339954,0.30743542952793385,0.0032747299943424696,0.0046058381060126155,0.00467728343834925,0.11523748239190244,0.005710950403388789,0.0005380087345061428,0.12282404223339954,0.9027137394545521,1.0,0.3,0.8898904333322761,0.5,0.8182507850313805,0.5
166,0.00013216769432926404,246.52602338790894,0.5896064919024628,0.11930746599697845,0.30683584836450606,0.0006713678492303469,0.00462672327363532,0.004613789719464805,0.11167654336712943,0.005922645170338962,0.0005581025314846909,0.11930746599697845,,,,,,,
167,0.00013055533412225422,245.0481035709381,0.5775220719073455,0.11852923744109445,0.29847293134281383,0.0018331506102055419,0.004660289368747017,0.004807729832569005,0.11071291559312434,0.005905084645265746,0.0005604969396533082,0.11852923744109445,,,,,,,
168,0.00012894525583299833,276.9602303504944,0.5863395720203431,0.12070409178731388,0.3013834540100758,0.004038978260919798,0.0046960514976523565,0.004595153238641096,0.11318923971074492,0.005729597569684801,0.0005490021522503398,0.12070409178731388,,,,,,,
169,0.0001273376484113225,244.70622968673706,0.6209789465196157,0.12689791561996672,0.3219188025866694,0.001798215480311552,0.004640123939537199,0.005207646212892403,0.11863795930583089,0.005995152191001756,0.0005473387749236796,0.12689791561996672,,,,,,,
170,0.0001257327005170853,243.98986530303955,0.5696699454592961,0.12081008849797176,0.29213826213862,0.0013642115675049486,0.004578498200359827,0.004972708334145807,0.11281027323663897,0.0059419152275569246,0.0005614947606758773,0.12081008849797176,0.906252296229118,1.0,0.3,0.8934058875728742,0.5,0.8253510011144795,0.5
171,0.00012413060049803814,243.90709280967712,0.6071741649812741,0.11798301348170138,0.3182184372952998,0.002592709294814756,0.004573718519425458,0.004554608862083533,0.11048155183128583,0.005783128489997937,0.0005528829004020516,0.11798301348170138,,,,,,,
172,0.00012253153636772156,243.98212671279907,0.5807599190144717,0.1190412627497727,0.301681585201545,0.00034584717623669466,0.004359383219231349,0.004862602490597894,0.11124879665397283,0.005748050739694294,0.0005583812833919997,0.1190412627497727,,,,,,,
173,0.00012093569578340124,244.3752133846283,0.579336827350244,0.12191895415265289,0.2985802384782753,0.0004837114484320508,0.004468280761240596,0.004780403576041292,0.11406752455452975,0.006033030123916056,0.0005451122516486885,0.12191895415265289,,,,,,,
174,0.00011934326602404528,244.23788118362427,0.5774955806024957,0.11531952465518686,0.29591441353909786,0.009344508833818764,0.004416836865419395,0.0046261815133358895,0.10773415807561451,0.005809251324764144,0.0005455907480680738,0.11531952465518686,,,,,,,
175,0.00011775443396834638,244.0274395942688,0.5777341289816337,0.11776623772384101,0.29990907281445806,0.0010912291202513586,0.0044399738643642675,0.004549649288373175,0.11023898418451518,0.0058434938772358135,0.0005585720108307567,0.11776623772384101,0.9056338712239694,1.0,0.3,0.8929746032747079,0.5,0.8239270103972006,0.5
176,0.00011616938607279086,243.45523929595947,0.571878448243287,0.1164750484493683,0.2957036281559197,0.0032795868284721,0.004220839392659571,0.0046822032555224645,0.10888844096048184,0.005700408123549091,0.0005419985348915228,0.1164750484493683,,,,,,,
177,0.00011458830834977698,243.75964665412903,0.5344782622033701,0.11165423320206516,0.2760274954644856,0.00016270924852801016,0.004245981033885344,0.004294388892168072,0.10455930890656852,0.005492750952454635,0.0005415961495791111,0.11165423320206516,,,,,,,
178,0.0001130113863457857,244.13507437705994,0.5967903391857929,0.1213307075351184,0.30853617022329627,0.00380811958826056,0.004361460524634336,0.00454857982591487,0.1138597695322717,0.005735787006891369,0.0005446406190953442,0.1213307075351184,,,,,,,
179,0.00011143880511960584,243.90387725830078,0.5778152404050708,0.11753197123311188,0.30092317023904536,0.0006474253154463871,0.004062574575301649,0.0045802545257498445,0.11007742411871466,0.005639545152112244,0.0005452017565460508,0.11753197123311188,,,,,,,
180,0.00010987074922061689,243.7075173854828,0.5240822549109684,0.11436781692147957,0.26541319940451297,0.003158333025563604,0.004152195704296349,0.00433772021682652,0.10723646196014984,0.005479875623944457,0.0005369691432251641,0.11436781692147957,0.9043392848038113,1.0,0.3,0.8901486196186275,0.5,0.8228692347928065,0.5
181,0.00010830740266713087,243.9700963497162,0.5468422853100207,0.11370275218858925,0.2823502909646891,0.001351029101991221,0.004065275800165096,0.0043707508546513485,0.10650848779529919,0.005537274366087288,0.0005487617782766763,0.11370275218858925,,,,,,,
182,0.00010674894892479738,243.98428106307983,0.573956754555955,0.11478617104350623,0.2998819453623487,0.0010652759360515304,0.004077667891183814,0.004681041227493323,0.10724394697591136,0.00561398908028337,0.0005418787532631465,0.11478617104350623,,,,,,,
183,0.00010519557088507298,244.25427865982056,0.5446846207155217,0.11802383152894792,0.2785299713331374,0.0006747875979896618,0.00402994931926,0.004514348593157112,0.1105838422821981,0.005741114212883529,0.000550833908488149,0.11802383152894792,,,,,,,
184,0.0001036474508437579,243.90449976921082,0.5654424996510226,0.11700858429917842,0.2919490495469623,0.002460260270822859,0.003955686984812909,0.0042673386025796544,0.11002229722046064,0.005331655298181412,0.0005312090878193852,0.11700858429917842,,,,,,,
185,0.00010210477047960302,243.73972129821777,0.5640031076304576,0.11652158272174719,0.29274642611463697,0.00031303864317701124,0.003957176003367421,0.0045318609983418,0.10914161807067536,0.005588044453780397,0.0005408142486699772,0.11652158272174719,0.9049926525691915,1.0,0.3,0.888426865450672,0.5,0.8265510922569023,0.5
186,0.00010056771083298893,246.76749563217163,0.5275037659341908,0.11287505171720075,0.26816962856594095,0.004344977213795707,0.003947612053226479,0.004446127039245671,0.1055156115652184,0.005714146313758261,0.0005624003998391392,0.11287505171720075,,,,,,,
187,9.903645228468024e-05,243.56588292121887,0.5713862299904501,0.11674801931053361,0.29658671775063417,0.0015659169132384348,0.004033315005219732,0.0043212781733285004,0.10962892981082767,0.005489091118604142,0.0005326552389553627,0.11674801931053361,,,,,,,
188,9.751117453465673e-05,243.65468645095825,0.5480006976023862,0.11308870872931252,0.28289621983927854,0.0029287169730712066,0.003756882430844165,0.004287146338684812,0.10596506691084326,0.005565334227315062,0.0005382817544254715,0.11308870872931252,,,,,,,
189,9.59920565810252e-05,243.99022126197815,0.5626329895260095,0.11259351923533945,0.2947544223656061,0.0005773214053431994,0.003599997823980225,0.004591010578005045,0.10516458115429515,0.0055660054540614835,0.0005492496997087064,0.11259351923533945,,,,,,,
190,9.447927669901282e-05,243.66396117210388,0.5537452999653577,0.10770576557568738,0.29059849999703624,0.0027106916709591427,0.0036569241953481,0.004439535179927869,0.10026183987404488,0.005896236517491595,0.0005627245399700198,0.10770576557568738,0.9045734537486334,1.0,0.3,0.8920954755590838,0.5,0.8216248856868167,0.5
191,9.297301242004618e-05,243.59162378311157,0.5178142559729243,0.1091915571669614,0.2661312229169322,0.0020707000531472674,0.003614805222727256,0.004092143610336499,0.10231227582900819,0.00546532747881924,0.0005447442556071005,0.1091915571669614,,,,,,,
192,9.14734405109168e-05,243.81863236427307,0.5457271276948807,0.11582620543213219,0.2810232718879341,0.0012507650098140183,0.003494668116622985,0.005192582888202772,0.1076443902246108,0.005867791987515356,0.0005533636821197261,0.11582620543213219,,,,,,,
193,8.998073695303701e-05,243.7002990245819,0.5500649819455319,0.1078204434774621,0.2897469218043044,0.0005461130549122972,0.003474435577484784,0.004292999028516367,0.10072514265885392,0.00549516861244219,0.0005471748572602275,0.1078204434774621,,,,,,,
194,8.849507692178758e-05,243.50032305717468,0.5515684678380168,0.10461272614342478,0.2908020511498743,0.0033923412407415904,0.0036176480240882156,0.004150754389472254,0.09762191057268589,0.005570260878764788,0.0005493034708068471,0.10461272614342478,,,,,,,
195,8.70166347659603e-05,243.8135688304901,0.5473962457879832,0.1139129449135541,0.2837162633372851,0.0009890121142617889,0.0033951267293478847,0.004595727128883658,0.1065492764888185,0.0054287669240098285,0.0005355824654619727,0.1139129449135541,0.9063163483636995,1.0,0.3,0.8907353184455223,0.5,0.8282137266455762,0.5
196,8.554558398729725e-05,244.70026564598083,0.5218300681844041,0.108454538979787,0.27105113923310725,8.777439435137675e-05,0.003292852321579316,0.004300914508920207,0.10144634097168485,0.005308176644242401,0.0005319535929015372,0.108454538979787,,,,,,,
197,8.408209722012956e-05,243.67196559906006,0.5269107060550824,0.10657436030926622,0.274337900436581,0.001921842416904212,0.003390399667567571,0.004391509332504862,0.09927822954962469,0.005698145039291828,0.0005554868464836002,0.10657436030926622,,,,,,,
198,8.262634621111818e-05,243.9060001373291,0.5148364260612319,0.10980582022271484,0.26450157387445955,0.0013641097350721148,0.0033926699278237424,0.004575118931063393,0.10232785216920293,0.0056970827682795554,0.0005430749185473679,0.10980582022271484,,,,,,,
199,8.117850179909842e-05,244.25499534606934,0.5395802111506306,0.11391197014551278,0.27890487448239204,0.0006687176124280329,0.0032571070289351437,0.004831903089739624,0.10621612067139312,0.005618372189843066,0.0005476056432755991,0.11391197014551278,,,,,,,
200,7.973873389503149e-05,243.71926879882812,0.5072420831716068,0.10631974195057028,0.2619577305853435,0.0015725405346060737,0.0031461757526236845,0.004264970631250658,0.09938972244278103,0.0052242568602658005,0.0005292056449643829,0.10631974195057028,0.9033594023130118,1.0,0.3,0.8901707137109343,0.5,0.8199074932281011,0.5
201,7.830721146206451e-05,243.32998704910278,0.5324774005630721,0.10724920768586978,0.2784557636700454,0.0010012540319568792,0.003210462280549109,0.00427555303131586,0.1001311206281385,0.005575140796722092,0.0005496359798889327,0.10724920768586978,,,,,,,
202,7.688410249570214e-05,243.3030126094818,0.5485475835053942,0.10812672480504414,0.28484957858615956,0.006671116646419637,0.0031746705376582115,0.004578202912591261,0.10067123257559944,0.005644625578983352,0.0005497647570056051,0.10812672480504414,,,,,,,
203,7.54695740040912e-05,243.79387736320496,0.5416911435264763,0.11330725163092144,0.2812427989913014,0.0002700985809056102,0.0030634931804604964,0.004942332304538263,0.10545887544517117,0.005701559925962639,0.0005526411408584469,0.11330725163092144,,,,,,,
204,7.406379198842189e-05,243.10658144950867,0.5138379624210961,0.10429231020017327,0.2687918667547272,6.885490984511661e-05,0.0030829632933329575,0.004171659958575357,0.09735813595876293,0.005416150213865605,0.0005443925727767528,0.10429231020017327,,,,,,,
205,7.266692142344672e-05,244.43976974487305,0.5387046747494743,0.11011475395150386,0.2814451266501918,9.142087550559353e-05,0.00309953400063699,0.004148958615416194,0.10320464916178634,0.005411482157644478,0.0005540525785720702,0.11011475395150386,0.9068504537813075,1.0,0.3,0.8904061679989221,0.5,0.8301451933450004,0.5
206,7.127912623811993e-05,244.70388555526733,0.563721491294518,0.11281010372556882,0.2960656998813304,0.0005366624192343492,0.003071441902829022,0.004629575301672415,0.10544792771112681,0.005358465504634477,0.0005336809727750781,0.11281010372556882,,,,,,,
207,6.990056929635957e-05,243.7205150127411,0.5508052545248565,0.10860233974651584,0.2898140642840747,0.001388035955168008,0.0029823397458726003,0.0042809364007248335,0.10145591841373686,0.005620277283186152,0.0005534614808516499,0.10860233974651584,,,,,,,
208,6.853141237793506e-05,244.18031644821167,0.5433462936899269,0.11283222411963992,0.28277908482208497,0.00037950748698829936,0.0029181478536993762,0.00448565112180942,0.10561624629281617,0.00535259287555535,0.0005403023027973091,0.11283222411963992,,,,,,,
209,6.717181615948128e-05,243.80978345870972,0.49051703052614765,0.0994941271129625,0.2557291741975393,0.001386135903274763,0.002960344437702988,0.0038794975493746903,0.09287435762494003,0.005370662600751016,0.0005494104749727288,0.0994941271129625,,,,,,,
210,6.582194019564266e-05,244.15924048423767,0.5433478323518449,0.10551260945543217,0.28712834963417755,0.0011329325266779835,0.00294132161272491,0.004347945980110397,0.09840823181036919,0.005404448702945346,0.0005420729317962154,0.10551260945543217,0.9053012255821029,1.0,0.3,0.8911814793960481,0.5,0.8247221973502603,0.5
211,6.448194290034848e-05,243.66516709327698,0.49910581891829664,0.10510850306088348,0.25878127408884366,3.06264120996445e-05,0.0028340835559287924,0.00396609932453506,0.09840713246147689,0.0053624600895048275,0.0005404143271644274,0.10510850306088348,,,,,,,
212,6.315198152822272e-05,243.92609667778015,0.5498689984127451,0.10343676884548923,0.29349594375347027,0.0002770181169794034,0.002891191178143478,0.004136132560138583,0.09640107658223605,0.005686184888201551,0.000564673083417754,0.10343676884548923,,,,,,,
213,6.183221215612904e-05,244.44182085990906,0.5197546462996507,0.10739285209403905,0.27055206886524363,0.000902918603585655,0.002750301672967336,0.004295438301087225,0.10037561351584554,0.005335670070136642,0.000539650000573792,0.10739285209403905,,,,,,,
214,6.052278966485491e-05,245.2272617816925,0.5237290022177963,0.10591716298111836,0.2741661539108673,0.0005854636621745508,0.0029281083280641184,0.004549483514897689,0.09863627533286966,0.005355808590733841,0.0005349966816762457,0.10591716298111836,,,,,,,
215,5.922386772093526e-05,243.88774609565735,0.5172363499237995,0.1065644534726515,0.2690935843698534,0.0013563211573834639,0.0027721564311970572,0.004319940468769384,0.09942594356225384,0.00552777357490356,0.0005468277029563759,0.1065644534726515,0.9070784067153491,1.0,0.3,0.8918754280268457,0.5,0.8293597921192014,0.5
216,5.793559875861938e-05,244.35057401657104,0.5082306035560268,0.10739381877639628,0.2634057595250709,0.0002353390441883599,0.0026827178272179142,0.0039548947176736345,0.1008221903457477,0.005126815317877088,0.0005332612180185634,0.10739381877639628,,,,,,,
217,5.6658133961981894e-05,244.27827501296997,0.5104011360273077,0.10303087334370445,0.26769013348625514,6.902146560626324e-05,0.0028185320749003636,0.0041108498877811765,0.09623479586477386,0.005263509387820481,0.0005347311322225918,0.10303087334370445,,,,,,,
218,5.5391623247180744e-05,244.1069941520691,0.5365660135921929,0.10903073106624225,0.2814385915133634,0.00031838303228155643,0.00246768178567912,0.004245709436672864,0.10204356457033628,0.005372293594495042,0.0005531024396520398,0.10903073106624225,,,,,,,
219,5.413621524486363e-05,244.66148924827576,0.49403214239130155,0.10279094867276622,0.25717038660045377,2.776605959616973e-05,0.002664123616712802,0.004181672998419683,0.0958540648970441,0.005400711453991518,0.000548551686305287,0.10279094867276622,,,,,,,
220,5.289205728272586e-05,244.559232711792,0.5032523354120475,0.10332604798644351,0.2628681055248879,0.0003190795073579937,0.0025868011697644066,0.004095002365815429,0.09652800493293408,0.005296821400235348,0.0005463016365165791,0.10332604798644351,0.9061171126372315,1.0,0.3,0.8917727041967157,0.5,0.826578633714979,0.5
221,5.165929536822059e-05,243.58763885498047,0.5038923563323525,0.10702717684560421,0.261127539210208,2.9596041836521124e-05,0.002506473641886793,0.004398544563861418,0.09991043386371387,0.005327048391660374,0.0005467436002480251,0.10702717684560421,,,,,,,
222,5.043807417142436e-05,243.37984776496887,0.5178954606407677,0.10523979027855518,0.2715392594796676,1.3597369932939362e-05,0.0026031785659980837,0.004037875768284226,0.09850046827935696,0.005294329229366987,0.0005428173874656631,0.10523979027855518,,,,,,,
223,4.922853700805909e-05,244.12139797210693,0.5080942958447088,0.10491867544475689,0.26538953289916223,3.5230797031072286e-05,0.002461106684491653,0.003997585092788088,0.09826218098687271,0.0052089213393590504,0.0005444847375937479,0.10491867544475689,,,,,,,
224,4.8030825822673814e-05,243.07546091079712,0.5306005633353251,0.10771146376346917,0.27838738563718,9.337605841375836e-05,0.0025462022360767168,0.00450943037768502,0.10042490636745645,0.005444174556696535,0.0005503951169908922,0.10771146376346917,,,,,,,
225,4.684508117198648e-05,243.45183444023132,0.491924720217781,0.10282119745705569,0.2551543201005674,0.0013335614924839289,0.0024527204449255632,0.004001340604062206,0.09599218283492233,0.005542955936550162,0.000561960864458547,0.10282119745705569,0.9071518868983844,1.0,0.3,0.89120226908817,0.5,0.8302533916069833,0.5
226,4.567144220838923e-05,244.20558214187622,0.5134493137773185,0.10415945951558689,0.269519021695587,1.480486037046274e-05,0.00243530856164755,0.0040616091722939455,0.09748100595066021,0.0051260107865493685,0.0005383894513215637,0.10415945951558689,,,,,,,
227,4.4510046663617996e-05,244.16743397712708,0.5179829588647522,0.10709798128919491,0.2705947029895298,0.0001891841345474734,0.002338174845583259,0.004497775215424258,0.09983505197850676,0.005421410743001235,0.0005444883362261953,0.10709798128919491,,,,,,,
228,4.336103083258942e-05,243.96241354942322,0.5117191731568953,0.1048057969947253,0.26803898291616013,4.962628680816888e-05,0.002339597716235741,0.004001413693323034,0.09808105487176534,0.00533642122864157,0.0005511778388761322,0.1048057969947253,,,,,,,
229,4.2224529557405645e-05,243.76379203796387,0.49881430103380175,0.10298181200126937,0.26067543990424885,6.563163552335872e-06,0.0023416140119341586,0.0041682889693567815,0.09612907531716329,0.0052616585499219385,0.0005361842335456573,0.10298181200126937,,,,,,,
230,4.110067621153042e-05,243.926655292511,0.5095417465214954,0.0993326041379368,0.2697221045825354,0.00101864868718461,0.00224196175841678,0.004204431270418783,0.09238051234242257,0.005385818327397671,0.0005475164754603058,0.0993326041379368,0.9060572345426922,1.0,0.3,0.888484748274186,0.5,0.8296869553538905,0.5
231,3.998960268413666e-05,243.4879183769226,0.5036417717401777,0.10216697112959444,0.2643924863511972,2.082971798775341e-05,0.002367640734814456,0.00414056319670102,0.09521897297617077,0.005502216579237586,0.0005632656100343977,0.10216697112959444,,,,,,,
232,3.889143936462914e-05,243.5162787437439,0.5054827479106808,0.10521725956771123,0.26337305458692223,0.00040301318617409407,0.002339478091911854,0.004207361344891389,0.09817576258417697,0.005554659473767475,0.00056805822467388,0.10521725956771123,,,,,,,
233,3.780631512734239e-05,243.78827738761902,0.5248124538116274,0.10446034813743495,0.2770622101537458,1.8725477079255866e-05,0.0023063798060949103,0.0042956242636403835,0.0973960591062016,0.005426560382485812,0.0005538454307874065,0.10446034813743495,,,,,,,
234,3.673435731641691e-05,244.2667579650879,0.482277341146773,0.0997610321214803,0.25167924209579545,0.0004325584657232307,0.002219332349398271,0.004010209308206396,0.09302203603124207,0.005347617004080877,0.0005497816935778474,0.0997610321214803,,,,,,,
235,3.567569173085454e-05,244.02183318138123,0.49879734191424285,0.09973230593013747,0.2629437328002986,2.9793410997175137e-05,0.002246635800751087,0.0037407018026654427,0.09333179484204394,0.005212204711115096,0.0005370719632297188,0.09973230593013747,0.9066574937155202,1.0,0.3,0.8930994595608442,0.5,0.8268730215857162,0.5
236,3.463044260975566e-05,243.74863696098328,0.5026908138991183,0.10235090011057897,0.2638881438367507,1.934709828396738e-05,0.0021810197752991237,0.004280475952946861,0.09538340504239777,0.005264449693012376,0.0005479421920498256,0.10235090011057897,,,,,,,
237,3.3598732617739036e-05,248.6391110420227,0.47008292926280365,0.09636763694159155,0.24620392815824305,1.8534551637870476e-05,0.0021304663953966223,0.0038620153556421523,0.08984417549922029,0.005214773684173075,0.0005405935000205999,0.09636763694159155,,,,,,,
238,3.258068283054666e-05,246.27111315727234,0.5115418860064673,0.10229448526512577,0.26987373638113094,2.3103057296715714e-05,0.002140914093101451,0.0039467540642239216,0.09566726446936775,0.005251003844485107,0.0005496475848413337,0.10229448526512577,,,,,,,
239,3.1576412720834746e-05,246.79778456687927,0.5303797827136376,0.1050420555929746,0.2804330072077006,0.00011938115939047996,0.0022178273650309247,0.004347742503936798,0.09797092634698142,0.005336274889115542,0.0005524952111050184,0.1050420555929746,,,,,,,
240,3.058604014415343e-05,244.54133319854736,0.4941950094037694,0.10204367381118297,0.2584174605225413,3.196412068862577e-05,0.0021834658298910234,0.00410223341486688,0.09522778426140976,0.0053177185333227244,0.0005479677499699572,0.10204367381118297,0.9081441746916695,1.0,0.3,0.8925401401677948,0.5,0.8318923839072139,0.5
241,2.960968132511567e-05,243.3704583644867,0.48625313190021674,0.09855682736979456,0.2554120485159186,5.028013935946986e-05,0.002203446537088932,0.0039268435634314865,0.09202729532353736,0.005100017030918739,0.0005267967104725753,0.09855682736979456,,,,,,,
242,2.8647450843757897e-05,243.5083589553833,0.5168762051705174,0.10259337211759147,0.27317172556329905,2.548249616341658e-05,0.0021844217868391374,0.0042165528672373385,0.09561277949495037,0.005417142734310196,0.000554682283642603,0.10259337211759147,,,,,,,
243,2.769946162209329e-05,242.87044858932495,0.47885313141281616,0.10069983988190899,0.24920331031011378,1.4623699885076784e-05,0.0021009234887065065,0.004155971913422331,0.09386116605135003,0.005255058944766322,0.0005517243315860098,0.10069983988190899,,,,,,,
244,2.67658249108603e-05,242.30206990242004,0.5017565786424069,0.10141848493367434,0.2640441331454109,1.3262219378575304e-05,0.002067763491797917,0.004255210243272765,0.09438759634388288,0.0054417794156968605,0.0005478835272559234,0.10141848493367434,,,,,,,
245,2.584665027646643e-05,244.10367608070374,0.509721605789833,0.10207863193534374,0.26883684014060405,1.0308028572413326e-05,0.002124607133051607,0.004232254628699003,0.09514181394464,0.0052997591781066495,0.0005468347401216325,0.10207863193534374,0.9072882043372696,1.0,0.3,0.8927033473232294,0.5,0.8291612656885797,0.5
246,2.49420455881305e-05,243.71813297271729,0.5256936017945604,0.10138019546195962,0.27996398234759406,7.955330300804634e-06,0.0021119856775259228,0.00406392593605228,0.09455277530887257,0.005414906026218306,0.0005604129258325888,0.10138019546195962,,,,,,,
247,2.4052117005223455e-05,243.62907433509827,0.48315879302733233,0.1000838815454023,0.2525444423782283,2.019229504751449e-05,0.0020524796973642677,0.0038873044475964858,0.0935296444350327,0.0052259808700376754,0.0005394202612359649,0.1000838815454023,,,,,,,
248,2.317696896481024e-05,243.54021763801575,0.47680076248992564,0.09919506604953898,0.24877315473012748,0.0003247224520085145,0.001996232743985422,0.004257538713780244,0.09231482932090525,0.005139582041363096,0.0005290698657218088,0.09919506604953898,,,,,,,
249,2.231670416939364e-05,244.21758580207825,0.4921241585989312,0.10151465827933176,0.2576976701317365,1.20821665450623e-05,0.001963341345947177,0.004265749518437197,0.09445178823811319,0.00548172756953612,0.0005625680301504372,0.10151465827933176,,,,,,,
250,2.147142357486164e-05,243.89726543426514,0.48984423667407007,0.09804705366448387,0.25841371261628093,9.086388372289812e-05,0.001980621688368399,0.0038180902239880877,0.0916489836862262,0.0050522607222217115,0.0005384935887410983,0.09804705366448387,0.9064593408479542,1.0,0.3,0.8918060787603369,0.5,0.8275719437835257,0.5
251,2.0641226378639715e-05,243.57775855064392,0.4462576093083901,0.09783782514728878,0.2295772462349729,7.54178961734229e-06,0.001958765970512247,0.004045897668920255,0.09115327500033617,0.005169026945846848,0.0005413926907287665,0.09783782514728878,,,,,,,
252,1.9826210008049785e-05,243.63765907287598,0.48410227382068,0.09696100762720995,0.2554038843555688,4.925074852080884e-06,0.001954820593276563,0.0037868443415719644,0.09059775647029515,0.005047348443269146,0.0005273271222209225,0.09696100762720995,,,,,,,
253,1.902647010887655e-05,244.0724515914917,0.4811840893247248,0.10036372039857179,0.25116670825482096,4.0075589837343144e-05,0.0019563752484351824,0.003912998021729455,0.09378163780193015,0.005227865930193339,0.0005515180694777625,0.10036372039857179,,,,,,,
254,1.8242100534143062e-05,243.54162549972534,0.4849680238086438,0.0981282296149226,0.2551455360563637,1.4278198176555381e-05,0.0019883010413007645,0.0038762274146045277,0.09164371529194229,0.0051082007680134,0.0005418625614337357,0.0981282296149226,,,,,,,
255,1.7473193333096575e-05,243.6998908519745,0.49693692834921066,0.09907531966022533,0.262443766023943,2.988630050237584e-05,0.002022850771522374,0.003998302807922871,0.09242438951644959,0.0051963785682484585,0.0005443795123090297,0.09907531966022533,0.9075008039482273,1.0,0.3,0.8927127850334037,0.5,0.8297896268112782,0.5
256,1.671983874040631e-05,243.82585287094116,0.48308570856589295,0.10005167052174153,0.2528657499401823,8.603821240941552e-06,0.0017989521879850307,0.003973250971508672,0.09337911817381714,0.005286637826267896,0.0005598273708681099,0.10005167052174153,,,,,,,
257,1.598212516557394e-05,243.98699426651,0.5298212968149462,0.1010601089045854,0.28293637246721187,0.00015674385819949374,0.0020375241143312014,0.0042593330364113285,0.09411512670309541,0.005261998583444161,0.0005464958003882127,0.1010601089045854,,,,,,,
258,1.526013918255836e-05,244.65383005142212,0.5025998963779374,0.10152485153298942,0.26471745030409277,0.00010452900530933701,0.0018830158410524385,0.003987288058070918,0.09493225364560622,0.005104556575862305,0.000530317106033314,0.10152485153298942,,,,,,,
259,1.4553965519615723e-05,243.74321484565735,0.4945202659113401,0.09864234834231671,0.2612677159172039,1.9762910811671643e-05,0.0019194064057308385,0.0040761941450928995,0.09193406485969503,0.00515618036436426,0.0005399926480409294,0.09864234834231671,,,,,,,
260,1.3863687049356464e-05,243.69490671157837,0.46552859305243216,0.09561385128144857,0.24398638513603574,1.511595457400169e-06,0.0019022824755227997,0.003659619767078185,0.08931045731284573,0.005178708525442187,0.0005441970488248382,0.09561385128144857,0.9067842105553475,1.0,0.3,0.8913897737404547,0.5,0.8289628579255882,0.5
261,1.3189384779019535e-05,244.0050754547119,0.5007956296922298,0.10044828802590985,0.2643334234925942,6.6833663970396464e-06,0.0018586991283968237,0.004607497135021297,0.09318866066851639,0.005194956452905137,0.0005465211563100472,0.10044828802590985,,,,,,,
262,1.25311378409661e-05,243.35107374191284,0.4998857356913885,0.10196447832825599,0.2626786302032768,7.022412670566672e-06,0.0018842738225058949,0.004059835248114785,0.09517103204115401,0.0053562491638050325,0.0005548671224126799,0.10196447832825599,,,,,,,
263,1.1889023483392879e-05,244.04155111312866,0.49075595787068077,0.09826708741666486,0.2591172689283986,2.6111416781817196e-05,0.00183209255580755,0.003916106599308239,0.09158795244299382,0.005414278171607598,0.000558892826877546,0.09826708741666486,,,,,,,
264,1.1263117061266675e-05,243.56294679641724,0.49187901693625447,0.09988345921098093,0.2584652528893605,0.0003796425308243463,0.0018958983011010434,0.004342147183025471,0.09282819472353282,0.005316554121703202,0.0005484018557671767,0.09988345921098093,,,,,,,
265,1.0653492027481286e-05,243.84951376914978,0.46044098607542394,0.09613133929255394,0.24043979332416626,9.812271048218196e-06,0.0017570949069127388,0.0038248319019586656,0.08966116188947326,0.005180614139559082,0.0005503857109990673,0.09613133929255394,0.9074334294077304,1.0,0.3,0.8920416642571107,0.5,0.8302586239660805,0.5
266,1.0060219924237379e-05,243.5267014503479,0.4957983471899347,0.09621514118805587,0.26379733493057,6.040339690430467e-06,0.0018765053417593369,0.0039313013751242016,0.08966650700145426,0.005126427450204812,0.0005411926931485989,0.09621514118805587,,,,,,,
267,9.48337037464666e-06,243.1027102470398,0.4719273847215736,0.09495989572749283,0.24883258822915172,1.5123644667555582e-05,0.0017886552773019864,0.003839657208437334,0.08839620271190533,0.005337345419415863,0.0005536334646140949,0.09495989572749283,,,,,,,
268,8.923011074561404e-06,243.3355507850647,0.4889881251433484,0.09865421768038958,0.257638757252174,4.4892218560634614e-05,0.0018495344146595492,0.004126192516091412,0.09187913423554035,0.005189143420594847,0.000543189528960293,0.09865421768038958,,,,,,,
269,8.379207784630004e-06,243.30121850967407,0.45709975483627374,0.09914991819770295,0.23610210867908224,6.452215122461825e-06,0.0018336195204619085,0.004172520698227978,0.09214581039134433,0.0055517222649374845,0.0005572555243163809,0.09914991819770295,,,,,,,
270,7.852024322579648e-06,243.53252148628235,0.48395521911982625,0.09707309732686592,0.2552752726277366,0.0001063335765328665,0.00186813812779387,0.004172135307228818,0.09024691000746572,0.0051977429342162,0.0005518076848040617,0.09707309732686592,0.9068610060679102,1.0,0.3,0.8908399116878691,0.5,0.8297431065158613,0.5
271,7.34152255572697e-06,243.5722472667694,0.48653059153383627,0.0951346400454738,0.2583246750869323,4.488158208860371e-05,0.0018726420839907142,0.0037381693098304156,0.08874689969868053,0.00519086025783437,0.0005414086081288649,0.0951346400454738,,,,,,,
272,6.847762393717782e-06,243.59579300880432,0.47062442925666015,0.09960613646471375,0.24477553275213892,3.9882122780907595e-05,0.0018434253211102097,0.0049938997029020885,0.09175516854659581,0.005602563283548593,0.0005578660437128428,0.09960613646471375,,,,,,,
273,6.370801781496326e-06,244.206392288208,0.4762627393548518,0.09577903093182584,0.2504062484401273,0.0012506018335455276,0.0017487188366211888,0.003761418303257648,0.08939841013256684,0.005129356029734786,0.0005452452393734605,0.09577903093182584,,,,,,,
274,5.910696692505201e-06,244.61540913581848,0.47505567971061113,0.0948427535492332,0.2508707996860088,2.1537512347507777e-05,0.0018785958260929222,0.0038887029932750906,0.08829982912701832,0.0051975390667479806,0.0005545206798860485,0.0948427535492332,,,,,,,
275,5.467501122116563e-06,245.1860272884369,0.48739654254119513,0.09856226710914708,0.25673453514005545,6.729115223757501e-05,0.001771161685972316,0.0038748678431642933,0.09214958713112,0.004969268903498604,0.0005317764616705001,0.09856226710914708,0.9074524884614567,1.0,0.3,0.8915958579475843,0.5,0.8307616074367854,0.5
276,5.0412670812956465e-06,245.93521571159363,0.49825728441349654,0.10177033729497734,0.2617789817494351,2.1503357667163916e-06,0.0018415474262395118,0.0038833855244665375,0.0953385136020126,0.004988446297663135,0.0005421501887236608,0.10177033729497734,,,,,,,
277,4.6320445904969475e-06,245.56641626358032,0.48485928615043183,0.1007141129854891,0.25371498893414995,1.3924924849580467e-05,0.001715430713089394,0.004201326867334968,0.09394234272770838,0.005032553497547374,0.0005416633186008414,0.1007141129854891,,,,,,,
278,4.239881673794165e-06,245.67889380455017,0.4968914889452579,0.09646305536695254,0.26449357006114943,2.9650731092238915e-06,0.0017795012377564252,0.0038763425169017103,0.089904152314637,0.005254184415555027,0.0005546801969760521,0.09646305536695254,,,,,,,
279,3.864824353244367e-06,244.70757913589478,0.5107746836205174,0.09370465560557799,0.27518965864832284,0.00037014816733988695,0.0018959000258839383,0.0037561366741592126,0.08727616703939862,0.005234089300523425,0.000553067562968244,0.09370465560557799,,,,,,,
280,3.506916643487001e-06,244.76109528541565,0.4783688600404256,0.0990429285801557,0.25039754307789835,1.8884650273129358e-06,0.0017974913310054178,0.004268282203923201,0.09217153673020011,0.005099385909507821,0.0005341666735257985,0.0990429285801557,0.9071214502149848,1.0,0.3,0.8910238745874132,0.5,0.830340476057541,0.5
281,3.166200546578718e-06,245.34393858909607,0.4979531979188323,0.10185816479390926,0.2615583650395101,1.8533804037087666e-05,0.0018018382739035548,0.00401207450536919,0.09523293712323883,0.005119152993771156,0.0005357633184262792,0.10185816479390926,,,,,,,
282,2.8427160470641253e-06,244.6682004928589,0.5020961442453963,0.10108844022734666,0.26479249853281644,0.0001630031303947163,0.0017597946422619512,0.004111999986856382,0.09432357246652294,0.0051976329369508726,0.0005405131146742298,0.10108844022734666,,,,,,,
283,2.5365011072835117e-06,244.63540959358215,0.4804260844940134,0.09548385937683557,0.25413252179832707,1.9986645059709343e-06,0.0018056428583118826,0.004137342235011868,0.08864553699133362,0.005289951715141311,0.0005600416583623673,0.09548385937683557,,,,,,,
284,2.2475916629177415e-06,244.96762418746948,0.45871955829462846,0.09560406416062149,0.23961731081562332,5.817736029331109e-06,0.0017795813646967796,0.004044570208671372,0.0888045856336629,0.005399715544617292,0.0005505076349398328,0.09560406416062149,,,,,,,
285,1.9760216187710787e-06,244.88644218444824,0.4980332598026783,0.09757204591150333,0.26448224761513556,6.347478680811795e-06,0.0018019331999702736,0.0039210275973389,0.09106516994137308,0.005062308258828658,0.0005469442925011984,0.09757204591150333,0.907440760349075,1.0,0.3,0.8919431534493777,0.5,0.830379127597847,0.5
286,1.7218228447922867e-06,245.24935245513916,0.4713267948385816,0.09711744188517271,0.24701748841476986,5.44049052671327e-06,0.0017783097788787213,0.00461336708287314,0.08976005599750218,0.005378531112931851,0.0005475311895703433,0.09711744188517271,,,,,,,
287,1.4850251723345196e-06,245.13520741462708,0.4761296036867766,0.0951054290318569,0.25155326224190333,9.86616411707367e-05,0.0017305242042992806,0.0037774482682891926,0.08866291990837677,0.00522043379833931,0.0005484404879641132,0.0951054290318569,,,,,,,
288,1.2656563906545902e-06,244.7545325756073,0.4897842939323819,0.09886267578323171,0.25807755887720196,1.9595582585739844e-05,0.001826771707202403,0.003885924607909684,0.09236188631941179,0.005118836873588364,0.0005544637685074579,0.09886267578323171,,,,,,,
289,1.0637422436516274e-06,245.1248643398285,0.49619742115003823,0.09793682723106202,0.26285406494937064,0.00020268034725909708,0.0018244608087039733,0.003977509858063087,0.09129236745453044,0.005225450441547007,0.0005422462048412073,0.09793682723106202,,,,,,,
