dice,iou,hd95,precision,recall,f1,image_id,class,n_masks
1.0,1.0,0.0,1.0,1.0,1.0,Normal- (3064),Normal,131
1.0,1.0,0.0,1.0,1.0,1.0,Normal- (581),Normal,143
1.0,1.0,0.0,1.0,1.0,1.0,Normal- (1028),Normal,123
1.0,1.0,0.0,1.0,1.0,1.0,Normal- (3906),Normal,127
1.0,1.0,0.0,1.0,1.0,1.0,Normal- (4914),Normal,111
1.0,1.0,0.0,1.0,1.0,1.0,Normal- (260),Normal,127
1.0,1.0,0.0,1.0,1.0,1.0,Normal- (2803),Normal,131
1.0,1.0,0.0,1.0,1.0,1.0,Normal- (2784),Normal,132
1.0,1.0,0.0,1.0,1.0,1.0,Normal- (3191),Normal,133
1.0,1.0,0.0,1.0,1.0,1.0,Normal- (3818),Normal,141
1.0,1.0,0.0,1.0,1.0,1.0,Normal- (4336),Normal,94
1.0,1.0,0.0,1.0,1.0,1.0,Normal- (4953),Normal,159
1.0,1.0,0.0,1.0,1.0,1.0,Normal- (1446),Normal,108
1.0,1.0,0.0,1.0,1.0,1.0,Normal- (3601),Normal,106
1.0,1.0,0.0,1.0,1.0,1.0,Normal- (60),Normal,140
1.0,1.0,0.0,1.0,1.0,1.0,Normal- (4780),Normal,128
1.0,1.0,0.0,1.0,1.0,1.0,Normal- (978),Normal,143
1.0,1.0,0.0,1.0,1.0,1.0,Normal- (3686),Normal,99
1.0,1.0,0.0,1.0,1.0,1.0,Normal- (638),Normal,98
1.0,1.0,0.0,1.0,1.0,1.0,Normal- (1833),Normal,112
1.0,1.0,0.0,1.0,1.0,1.0,Normal- (2189),Normal,112
1.0,1.0,0.0,1.0,1.0,1.0,Normal- (4253),Normal,104
1.0,1.0,0.0,1.0,1.0,1.0,Normal- (2920),Normal,101
1.0,1.0,0.0,1.0,1.0,1.0,Normal- (1657),Normal,93
1.0,1.0,0.0,1.0,1.0,1.0,Normal- (1753),Normal,131
1.0,1.0,0.0,1.0,1.0,1.0,Normal- (2677),Normal,136
1.0,1.0,0.0,1.0,1.0,1.0,Normal- (4946),Normal,141
1.0,1.0,0.0,1.0,1.0,1.0,Normal- (3604),Normal,112
1.0,1.0,0.0,1.0,1.0,1.0,Normal- (1562),Normal,129
1.0,1.0,0.0,1.0,1.0,1.0,Normal- (4783),Normal,128
1.0,1.0,0.0,1.0,1.0,1.0,Normal- (2956),Normal,83
1.0,1.0,0.0,1.0,1.0,1.0,Normal- (1483),Normal,116
1.0,1.0,0.0,1.0,1.0,1.0,Normal- (4042),Normal,114
1.0,1.0,0.0,1.0,1.0,1.0,Normal- (3644),Normal,111
1.0,1.0,0.0,1.0,1.0,1.0,Normal- (4905),Normal,112
1.0,1.0,0.0,1.0,1.0,1.0,Normal- (2852),Normal,140
1.0,1.0,0.0,1.0,1.0,1.0,Normal- (4293),Normal,109
1.0,1.0,0.0,1.0,1.0,1.0,Normal- (3838),Normal,160
1.0,1.0,0.0,1.0,1.0,1.0,Normal- (4916),Normal,152
1.0,1.0,0.0,1.0,1.0,1.0,Normal- (3266),Normal,137
1.0,1.0,0.0,1.0,1.0,1.0,Normal- (1019),Normal,121
1.0,1.0,0.0,1.0,1.0,1.0,Normal- (943),Normal,142
1.0,1.0,0.0,1.0,1.0,1.0,Normal- (5062),Normal,100
1.0,1.0,0.0,1.0,1.0,1.0,Normal- (173),Normal,114
1.0,1.0,0.0,1.0,1.0,1.0,Normal- (229),Normal,137
1.0,1.0,0.0,1.0,1.0,1.0,Normal- (145),Normal,116
1.0,1.0,0.0,1.0,1.0,1.0,Normal- (2648),Normal,118
1.0,1.0,0.0,1.0,1.0,1.0,Normal- (4347),Normal,116
1.0,1.0,0.0,1.0,1.0,1.0,Normal- (3689),Normal,105
1.0,1.0,0.0,1.0,1.0,1.0,Normal- (1417),Normal,94
1.0,1.0,0.0,1.0,1.0,1.0,Normal- (2950),Normal,97
1.0,1.0,0.0,1.0,1.0,1.0,Normal- (3960),Normal,95
1.0,1.0,0.0,1.0,1.0,1.0,Normal- (4532),Normal,105
1.0,1.0,0.0,1.0,1.0,1.0,Normal- (2570),Normal,137
1.0,1.0,0.0,1.0,1.0,1.0,Normal- (2457),Normal,107
1.0,1.0,0.0,1.0,1.0,1.0,Normal- (1790),Normal,143
1.0,1.0,0.0,1.0,1.0,1.0,Normal- (3442),Normal,123
1.0,1.0,0.0,1.0,1.0,1.0,Normal- (3409),Normal,142
1.0,1.0,0.0,1.0,1.0,1.0,Normal- (1094),Normal,135
1.0,1.0,0.0,1.0,1.0,1.0,Normal- (5063),Normal,86
1.0,1.0,0.0,1.0,1.0,1.0,Normal- (2162),Normal,109
1.0,1.0,0.0,1.0,1.0,1.0,Normal- (4678),Normal,98
1.0,1.0,0.0,1.0,1.0,1.0,Normal- (3340),Normal,141
1.0,1.0,0.0,1.0,1.0,1.0,Normal- (30),Normal,141
1.0,1.0,0.0,1.0,1.0,1.0,Normal- (4892),Normal,117
1.0,1.0,0.0,1.0,1.0,1.0,Normal- (3417),Normal,132
1.0,1.0,0.0,1.0,1.0,1.0,Normal- (2484),Normal,121
1.0,1.0,0.0,1.0,1.0,1.0,Normal- (814),Normal,131
1.0,1.0,0.0,1.0,1.0,1.0,Normal- (1659),Normal,98
1.0,1.0,0.0,1.0,1.0,1.0,Normal- (2301),Normal,102
1.0,1.0,0.0,1.0,1.0,1.0,Normal- (1950),Normal,126
1.0,1.0,0.0,1.0,1.0,1.0,Normal- (3070),Normal,142
1.0,1.0,0.0,1.0,1.0,1.0,Normal- (1639),Normal,113
1.0,1.0,0.0,1.0,1.0,1.0,Normal- (3486),Normal,131
1.0,1.0,0.0,1.0,1.0,1.0,Normal- (1213),Normal,100
1.0,1.0,0.0,1.0,1.0,1.0,Normal- (1057),Normal,88
1.0,1.0,0.0,1.0,1.0,1.0,Normal- (1698),Normal,121
1.0,1.0,0.0,1.0,1.0,1.0,Normal- (1368),Normal,120
1.0,1.0,0.0,1.0,1.0,1.0,Normal- (1476),Normal,114
1.0,1.0,0.0,1.0,1.0,1.0,Normal- (2929),Normal,104
1.0,1.0,0.0,1.0,1.0,1.0,Normal- (1529),Normal,126
1.0,1.0,0.0,1.0,1.0,1.0,Normal- (2717),Normal,108
1.0,1.0,0.0,1.0,1.0,1.0,Normal- (3816),Normal,148
1.0,1.0,0.0,1.0,1.0,1.0,Normal- (4269),Normal,114
1.0,1.0,0.0,1.0,1.0,1.0,Normal- (4374),Normal,127
1.0,1.0,0.0,1.0,1.0,1.0,Normal- (3479),Normal,124
1.0,1.0,0.0,1.0,1.0,1.0,Normal- (4891),Normal,110
1.0,1.0,0.0,1.0,1.0,1.0,Normal- (291),Normal,127
1.0,1.0,0.0,1.0,1.0,1.0,Normal- (2558),Normal,113
1.0,1.0,0.0,1.0,1.0,1.0,Normal- (4711),Normal,144
1.0,1.0,0.0,1.0,1.0,1.0,Normal- (1503),Normal,112
1.0,1.0,0.0,1.0,1.0,1.0,Normal- (1074),Normal,137
1.0,1.0,0.0,1.0,1.0,1.0,Normal- (593),Normal,152
1.0,1.0,0.0,1.0,1.0,1.0,Normal- (4241),Normal,122
1.0,1.0,0.0,1.0,1.0,1.0,Normal- (3432),Normal,140
1.0,1.0,0.0,1.0,1.0,1.0,Normal- (2927),Normal,100
1.0,1.0,0.0,1.0,1.0,1.0,Normal- (4620),Normal,127
1.0,1.0,0.0,1.0,1.0,1.0,Normal- (4751),Normal,138
1.0,1.0,0.0,1.0,1.0,1.0,Normal- (166),Normal,103
1.0,1.0,0.0,1.0,1.0,1.0,Normal- (2223),Normal,125
1.0,1.0,0.0,1.0,1.0,1.0,Normal- (3341),Normal,134
1.0,1.0,0.0,1.0,1.0,1.0,Normal- (1436),Normal,94
1.0,1.0,0.0,1.0,1.0,1.0,Normal- (2351),Normal,107
1.0,1.0,0.0,1.0,1.0,1.0,Normal- (4858),Normal,114
1.0,1.0,0.0,1.0,1.0,1.0,Normal- (497),Normal,166
1.0,1.0,0.0,1.0,1.0,1.0,Normal- (5001),Normal,137
1.0,1.0,0.0,1.0,1.0,1.0,Normal- (2947),Normal,91
1.0,1.0,0.0,1.0,1.0,1.0,Normal- (4703),Normal,80
1.0,1.0,0.0,1.0,1.0,1.0,Normal- (2292),Normal,125
1.0,1.0,0.0,1.0,1.0,1.0,Normal- (116),Normal,116
1.0,1.0,0.0,1.0,1.0,1.0,Normal- (2013),Normal,137
1.0,1.0,0.0,1.0,1.0,1.0,Normal- (107),Normal,129
1.0,1.0,0.0,1.0,1.0,1.0,Normal- (3320),Normal,136
1.0,1.0,0.0,1.0,1.0,1.0,Normal- (211),Normal,93
1.0,1.0,0.0,1.0,1.0,1.0,Normal- (4383),Normal,119
1.0,1.0,0.0,1.0,1.0,1.0,Normal- (4015),Normal,111
1.0,1.0,0.0,1.0,1.0,1.0,Normal- (3915),Normal,132
1.0,1.0,0.0,1.0,1.0,1.0,Normal- (3645),Normal,114
1.0,1.0,0.0,1.0,1.0,1.0,Normal- (1178),Normal,131
1.0,1.0,0.0,1.0,1.0,1.0,Normal- (599),Normal,141
1.0,1.0,0.0,1.0,1.0,1.0,Normal- (125),Normal,133
1.0,1.0,0.0,1.0,1.0,1.0,Normal- (1815),Normal,119
1.0,1.0,0.0,1.0,1.0,1.0,Normal- (3788),Normal,134
1.0,1.0,0.0,1.0,1.0,1.0,Normal- (2913),Normal,113
1.0,1.0,0.0,1.0,1.0,1.0,Normal- (1382),Normal,120
1.0,1.0,0.0,1.0,1.0,1.0,Normal- (3527),Normal,98
1.0,1.0,0.0,1.0,1.0,1.0,Normal- (2630),Normal,146
1.0,1.0,0.0,1.0,1.0,1.0,Normal- (3556),Normal,99
1.0,1.0,0.0,1.0,1.0,1.0,Normal- (3629),Normal,108
1.0,1.0,0.0,1.0,1.0,1.0,Normal- (3889),Normal,131
1.0,1.0,0.0,1.0,1.0,1.0,Normal- (114),Normal,126
1.0,1.0,0.0,1.0,1.0,1.0,Normal- (3006),Normal,140
1.0,1.0,0.0,1.0,1.0,1.0,Normal- (3935),Normal,118
1.0,1.0,0.0,1.0,1.0,1.0,Normal- (272),Normal,116
1.0,1.0,0.0,1.0,1.0,1.0,Normal- (4732),Normal,124
1.0,1.0,0.0,1.0,1.0,1.0,Normal- (1203),Normal,106
1.0,1.0,0.0,1.0,1.0,1.0,Normal- (4633),Normal,110
1.0,1.0,0.0,1.0,1.0,1.0,Normal- (1832),Normal,117
1.0,1.0,0.0,1.0,1.0,1.0,Normal- (2214),Normal,125
1.0,1.0,0.0,1.0,1.0,1.0,Normal- (2455),Normal,110
1.0,1.0,0.0,1.0,1.0,1.0,Normal- (1024),Normal,128
1.0,1.0,0.0,1.0,1.0,1.0,Normal- (3741),Normal,138
1.0,1.0,0.0,1.0,1.0,1.0,Normal- (1949),Normal,129
1.0,1.0,0.0,1.0,1.0,1.0,Normal- (4412),Normal,141
1.0,1.0,0.0,1.0,1.0,1.0,Normal- (142),Normal,120
1.0,1.0,0.0,1.0,1.0,1.0,Normal- (3573),Normal,98
1.0,1.0,0.0,1.0,1.0,1.0,Normal- (1601),Normal,117
1.0,1.0,0.0,1.0,1.0,1.0,Normal- (2432),Normal,112
1.0,1.0,0.0,1.0,1.0,1.0,Normal- (3739),Normal,92
1.0,1.0,0.0,1.0,1.0,1.0,Normal- (4698),Normal,79
1.0,1.0,0.0,1.0,1.0,1.0,Normal- (2998),Normal,115
1.0,1.0,0.0,1.0,1.0,1.0,Normal- (4492),Normal,123
1.0,1.0,0.0,1.0,1.0,1.0,Normal- (3885),Normal,126
1.0,1.0,0.0,1.0,1.0,1.0,Normal- (1134),Normal,136
1.0,1.0,0.0,1.0,1.0,1.0,Normal- (1589),Normal,119
1.0,1.0,0.0,1.0,1.0,1.0,Normal- (890),Normal,122
1.0,1.0,0.0,1.0,1.0,1.0,Normal- (3209),Normal,138
1.0,1.0,0.0,1.0,1.0,1.0,Normal- (1214),Normal,102
1.0,1.0,0.0,1.0,1.0,1.0,Normal- (1560),Normal,135
1.0,1.0,0.0,1.0,1.0,1.0,Normal- (3758),Normal,134
1.0,1.0,0.0,1.0,1.0,1.0,Normal- (4688),Normal,94
1.0,1.0,0.0,1.0,1.0,1.0,Normal- (1299),Normal,124
1.0,1.0,0.0,1.0,1.0,1.0,Normal- (2398),Normal,123
1.0,1.0,0.0,1.0,1.0,1.0,Normal- (5012),Normal,132
1.0,1.0,0.0,1.0,1.0,1.0,Normal- (3926),Normal,120
1.0,1.0,0.0,1.0,1.0,1.0,Normal- (115),Normal,126
1.0,1.0,0.0,1.0,1.0,1.0,Normal- (2681),Normal,133
1.0,1.0,0.0,1.0,1.0,1.0,Normal- (4908),Normal,113
1.0,1.0,0.0,1.0,1.0,1.0,Normal- (553),Normal,148
1.0,1.0,0.0,1.0,1.0,1.0,Normal- (1538),Normal,124
1.0,1.0,0.0,1.0,1.0,1.0,Normal- (1265),Normal,86
1.0,1.0,0.0,1.0,1.0,1.0,Normal- (3058),Normal,140
1.0,1.0,0.0,1.0,1.0,1.0,Normal- (3814),Normal,151
1.0,1.0,0.0,1.0,1.0,1.0,Normal- (2871),Normal,118
1.0,1.0,0.0,1.0,1.0,1.0,Normal- (3416),Normal,126
1.0,1.0,0.0,1.0,1.0,1.0,Normal- (5029),Normal,110
1.0,1.0,0.0,1.0,1.0,1.0,Normal- (4018),Normal,110
1.0,1.0,0.0,1.0,1.0,1.0,Normal- (2054),Normal,87
1.0,1.0,0.0,1.0,1.0,1.0,Normal- (2076),Normal,79
1.0,1.0,0.0,1.0,1.0,1.0,Normal- (2204),Normal,112
1.0,1.0,0.0,1.0,1.0,1.0,Normal- (1728),Normal,95
1.0,1.0,0.0,1.0,1.0,1.0,Normal- (2466),Normal,126
1.0,1.0,0.0,1.0,1.0,1.0,Normal- (4810),Normal,115
1.0,1.0,0.0,1.0,1.0,1.0,Normal- (3536),Normal,105
1.0,1.0,0.0,1.0,1.0,1.0,Normal- (2531),Normal,118
1.0,1.0,0.0,1.0,1.0,1.0,Normal- (1497),Normal,94
1.0,1.0,0.0,1.0,1.0,1.0,Normal- (4490),Normal,117
1.0,1.0,0.0,1.0,1.0,1.0,Normal- (2686),Normal,128
1.0,1.0,0.0,1.0,1.0,1.0,Normal- (2276),Normal,113
1.0,1.0,0.0,1.0,1.0,1.0,Normal- (2128),Normal,110
1.0,1.0,0.0,1.0,1.0,1.0,Normal- (1686),Normal,124
1.0,1.0,0.0,1.0,1.0,1.0,Normal- (2232),Normal,113
1.0,1.0,0.0,1.0,1.0,1.0,Normal- (1648),Normal,100
1.0,1.0,0.0,1.0,1.0,1.0,Normal- (2235),Normal,113
1.0,1.0,0.0,1.0,1.0,1.0,Normal- (1611),Normal,124
1.0,1.0,0.0,1.0,1.0,1.0,Normal- (3004),Normal,129
1.0,1.0,0.0,1.0,1.0,1.0,Normal- (4890),Normal,102
1.0,1.0,0.0,1.0,1.0,1.0,Normal- (3428),Normal,122
1.0,1.0,0.0,1.0,1.0,1.0,Normal- (3192),Normal,138
1.0,1.0,0.0,1.0,1.0,1.0,Normal- (3572),Normal,93
1.0,1.0,0.0,1.0,1.0,1.0,Normal- (4998),Normal,140
1.0,1.0,0.0,1.0,1.0,1.0,Normal- (2243),Normal,115
1.0,1.0,0.0,1.0,1.0,1.0,Normal- (2431),Normal,111
1.0,1.0,0.0,1.0,1.0,1.0,Normal- (3047),Normal,125
1.0,1.0,0.0,1.0,1.0,1.0,Normal- (1202),Normal,112
1.0,1.0,0.0,1.0,1.0,1.0,Normal- (4393),Normal,131
1.0,1.0,0.0,1.0,1.0,1.0,Normal- (1489),Normal,111
1.0,1.0,0.0,1.0,1.0,1.0,Normal- (2307),Normal,115
1.0,1.0,0.0,1.0,1.0,1.0,Normal- (4350),Normal,117
1.0,1.0,0.0,1.0,1.0,1.0,Normal- (501),Normal,167
1.0,1.0,0.0,1.0,1.0,1.0,Normal- (2710),Normal,111
1.0,1.0,0.0,1.0,1.0,1.0,Normal- (4257),Normal,104
1.0,1.0,0.0,1.0,1.0,1.0,Normal- (3434),Normal,122
1.0,1.0,0.0,1.0,1.0,1.0,Normal- (1687),Normal,125
1.0,1.0,0.0,1.0,1.0,1.0,Normal- (4343),Normal,85
1.0,1.0,0.0,1.0,1.0,1.0,Normal- (848),Normal,127
1.0,1.0,0.0,1.0,1.0,1.0,Normal- (1221),Normal,104
1.0,1.0,0.0,1.0,1.0,1.0,Normal- (3497),Normal,115
1.0,1.0,0.0,1.0,1.0,1.0,Normal- (5059),Normal,92
1.0,1.0,0.0,1.0,1.0,1.0,Normal- (1729),Normal,93
1.0,1.0,0.0,1.0,1.0,1.0,Normal- (4281),Normal,114
1.0,1.0,0.0,1.0,1.0,1.0,Normal- (3075),Normal,125
1.0,1.0,0.0,1.0,1.0,1.0,Normal- (4498),Normal,142
1.0,1.0,0.0,1.0,1.0,1.0,Normal- (1896),Normal,108
1.0,1.0,0.0,1.0,1.0,1.0,Normal- (3493),Normal,127
1.0,1.0,0.0,1.0,1.0,1.0,Normal- (2847),Normal,131
1.0,1.0,0.0,1.0,1.0,1.0,Normal- (2322),Normal,101
1.0,1.0,0.0,1.0,1.0,1.0,Normal- (4027),Normal,123
1.0,1.0,0.0,1.0,1.0,1.0,Normal- (2309),Normal,100
1.0,1.0,0.0,1.0,1.0,1.0,Normal- (3392),Normal,128
1.0,1.0,0.0,1.0,1.0,1.0,Normal- (2003),Normal,135
1.0,1.0,0.0,1.0,1.0,1.0,Normal- (1943),Normal,127
1.0,1.0,0.0,1.0,1.0,1.0,Normal- (4776),Normal,136
1.0,1.0,0.0,1.0,1.0,1.0,Normal- (3957),Normal,94
1.0,1.0,0.0,1.0,1.0,1.0,Normal- (1608),Normal,106
1.0,1.0,0.0,1.0,1.0,1.0,Normal- (79),Normal,133
1.0,1.0,0.0,1.0,1.0,1.0,Normal- (1070),Normal,95
1.0,1.0,0.0,1.0,1.0,1.0,Normal- (2040),Normal,134
1.0,1.0,0.0,1.0,1.0,1.0,Normal- (4773),Normal,131
1.0,1.0,0.0,1.0,1.0,1.0,Normal- (1719),Normal,104
1.0,1.0,0.0,1.0,1.0,1.0,Normal- (4003),Normal,105
1.0,1.0,0.0,1.0,1.0,1.0,Normal- (4175),Normal,123
1.0,1.0,0.0,1.0,1.0,1.0,Normal- (1499),Normal,106
1.0,1.0,0.0,1.0,1.0,1.0,Normal- (4956),Normal,152
1.0,1.0,0.0,1.0,1.0,1.0,Normal- (2333),Normal,97
1.0,1.0,0.0,1.0,1.0,1.0,Normal- (4572),Normal,134
1.0,1.0,0.0,1.0,1.0,1.0,Normal- (2098),Normal,96
1.0,1.0,0.0,1.0,1.0,1.0,Normal- (3251),Normal,127
1.0,1.0,0.0,1.0,1.0,1.0,Normal- (205),Normal,101
1.0,1.0,0.0,1.0,1.0,1.0,Normal- (3730),Normal,110
1.0,1.0,0.0,1.0,1.0,1.0,Normal- (1078),Normal,141
1.0,1.0,0.0,1.0,1.0,1.0,Normal- (2106),Normal,88
1.0,1.0,0.0,1.0,1.0,1.0,Normal- (3203),Normal,126
1.0,1.0,0.0,1.0,1.0,1.0,Normal- (1005),Normal,116
1.0,1.0,0.0,1.0,1.0,1.0,Normal- (4330),Normal,96
1.0,1.0,0.0,1.0,1.0,1.0,Normal- (3241),Normal,139
1.0,1.0,0.0,1.0,1.0,1.0,Normal- (909),Normal,144
1.0,1.0,0.0,1.0,1.0,1.0,Normal- (547),Normal,144
1.0,1.0,0.0,1.0,1.0,1.0,Normal- (2097),Normal,101
1.0,1.0,0.0,1.0,1.0,1.0,Normal- (3855),Normal,144
1.0,1.0,0.0,1.0,1.0,1.0,Normal- (2500),Normal,126
1.0,1.0,0.0,1.0,1.0,1.0,Normal- (1128),Normal,127
1.0,1.0,0.0,1.0,1.0,1.0,Normal- (4384),Normal,131
1.0,1.0,0.0,1.0,1.0,1.0,Normal- (4067),Normal,118
1.0,1.0,0.0,1.0,1.0,1.0,Normal- (903),Normal,144
1.0,1.0,0.0,1.0,1.0,1.0,Normal- (3303),Normal,138
1.0,1.0,0.0,1.0,1.0,1.0,Normal- (3537),Normal,103
1.0,1.0,0.0,1.0,1.0,1.0,Normal- (707),Normal,96
1.0,1.0,0.0,1.0,1.0,1.0,Normal- (1717),Normal,108
1.0,1.0,0.0,1.0,1.0,1.0,Normal- (2940),Normal,84
1.0,1.0,0.0,1.0,1.0,1.0,Normal- (2304),Normal,113
1.0,1.0,0.0,1.0,1.0,1.0,Normal- (5058),Normal,94
1.0,1.0,0.0,1.0,1.0,1.0,Normal- (1670),Normal,110
1.0,1.0,0.0,1.0,1.0,1.0,Normal- (3061),Normal,139
1.0,1.0,0.0,1.0,1.0,1.0,Normal- (4885),Normal,117
1.0,1.0,0.0,1.0,1.0,1.0,Normal- (2732),Normal,152
1.0,1.0,0.0,1.0,1.0,1.0,Normal- (1089),Normal,142
1.0,1.0,0.0,1.0,1.0,1.0,Normal- (4833),Normal,115
1.0,1.0,0.0,1.0,1.0,1.0,Normal- (287),Normal,128
1.0,1.0,0.0,1.0,1.0,1.0,Normal- (4041),Normal,115
1.0,1.0,0.0,1.0,1.0,1.0,Normal- (1633),Normal,113
1.0,1.0,0.0,1.0,1.0,1.0,Normal- (3079),Normal,132
1.0,1.0,0.0,1.0,1.0,1.0,Normal- (4406),Normal,137
1.0,1.0,0.0,1.0,1.0,1.0,Normal- (2738),Normal,143
1.0,1.0,0.0,1.0,1.0,1.0,Normal- (4827),Normal,108
1.0,1.0,0.0,1.0,1.0,1.0,Normal- (1453),Normal,103
1.0,1.0,0.0,1.0,1.0,1.0,Normal- (2892),Normal,115
1.0,1.0,0.0,1.0,1.0,1.0,Normal- (4354),Normal,112
1.0,1.0,0.0,1.0,1.0,1.0,Normal- (1373),Normal,116
1.0,1.0,0.0,1.0,1.0,1.0,Normal- (5024),Normal,114
1.0,1.0,0.0,1.0,1.0,1.0,Normal- (4847),Normal,117
1.0,1.0,0.0,1.0,1.0,1.0,Normal- (4066),Normal,123
1.0,1.0,0.0,1.0,1.0,1.0,Normal- (3902),Normal,137
1.0,1.0,0.0,1.0,1.0,1.0,Normal- (4866),Normal,129
1.0,1.0,0.0,1.0,1.0,1.0,Normal- (4434),Normal,122
1.0,1.0,0.0,1.0,1.0,1.0,Normal- (18),Normal,144
1.0,1.0,0.0,1.0,1.0,1.0,Normal- (4497),Normal,137
1.0,1.0,0.0,1.0,1.0,1.0,Normal- (220),Normal,103
1.0,1.0,0.0,1.0,1.0,1.0,Normal- (3965),Normal,110
1.0,1.0,0.0,1.0,1.0,1.0,Normal- (2151),Normal,116
1.0,1.0,0.0,1.0,1.0,1.0,Normal- (3835),Normal,151
1.0,1.0,0.0,1.0,1.0,1.0,Normal- (4467),Normal,114
1.0,1.0,0.0,1.0,1.0,1.0,Normal- (3585),Normal,107
1.0,1.0,0.0,1.0,1.0,1.0,Normal- (3735),Normal,93
1.0,1.0,0.0,1.0,1.0,1.0,Normal- (2905),Normal,117
1.0,1.0,0.0,1.0,1.0,1.0,Normal- (1620),Normal,124
1.0,1.0,0.0,1.0,1.0,1.0,Normal- (1266),Normal,99
1.0,1.0,0.0,1.0,1.0,1.0,Normal- (1613),Normal,118
1.0,1.0,0.0,1.0,1.0,1.0,Normal- (2564),Normal,101
1.0,1.0,0.0,1.0,1.0,1.0,Normal- (2968),Normal,92
1.0,1.0,0.0,1.0,1.0,1.0,Normal- (2481),Normal,127
1.0,1.0,0.0,1.0,1.0,1.0,Normal- (3742),Normal,135
1.0,1.0,0.0,1.0,1.0,1.0,Normal- (1205),Normal,109
1.0,1.0,0.0,1.0,1.0,1.0,Normal- (1379),Normal,104
1.0,1.0,0.0,1.0,1.0,1.0,Normal- (2394),Normal,107
1.0,1.0,0.0,1.0,1.0,1.0,Normal- (3969),Normal,107
1.0,1.0,0.0,1.0,1.0,1.0,Normal- (788),Normal,129
1.0,1.0,0.0,1.0,1.0,1.0,Normal- (511),Normal,159
1.0,1.0,0.0,1.0,1.0,1.0,Normal- (4231),Normal,122
1.0,1.0,0.0,1.0,1.0,1.0,Normal- (4583),Normal,132
1.0,1.0,0.0,1.0,1.0,1.0,Normal- (3068),Normal,138
1.0,1.0,0.0,1.0,1.0,1.0,Normal- (3050),Normal,131
1.0,1.0,0.0,1.0,1.0,1.0,Normal- (4955),Normal,146
1.0,1.0,0.0,1.0,1.0,1.0,Normal- (987),Normal,129
1.0,1.0,0.0,1.0,1.0,1.0,Normal- (1789),Normal,139
1.0,1.0,0.0,1.0,1.0,1.0,Normal- (3379),Normal,126
1.0,1.0,0.0,1.0,1.0,1.0,Normal- (2352),Normal,110
1.0,1.0,0.0,1.0,1.0,1.0,Normal- (1688),Normal,118
1.0,1.0,0.0,1.0,1.0,1.0,Normal- (3375),Normal,134
1.0,1.0,0.0,1.0,1.0,1.0,Normal- (2293),Normal,117
1.0,1.0,0.0,1.0,1.0,1.0,Normal- (504),Normal,167
1.0,1.0,0.0,1.0,1.0,1.0,Normal- (1577),Normal,118
1.0,1.0,0.0,1.0,1.0,1.0,Normal- (3876),Normal,144
1.0,1.0,0.0,1.0,1.0,1.0,Normal- (743),Normal,137
1.0,1.0,0.0,1.0,1.0,1.0,Normal- (4388),Normal,128
1.0,1.0,0.0,1.0,1.0,1.0,Normal- (1757),Normal,127
1.0,1.0,0.0,1.0,1.0,1.0,Normal- (818),Normal,134
1.0,1.0,0.0,1.0,1.0,1.0,Normal- (595),Normal,154
1.0,1.0,0.0,1.0,1.0,1.0,Normal- (4060),Normal,115
1.0,1.0,0.0,1.0,1.0,1.0,Normal- (2700),Normal,113
1.0,1.0,0.0,1.0,1.0,1.0,Normal- (1921),Normal,140
1.0,1.0,0.0,1.0,1.0,1.0,Normal- (1334),Normal,139
1.0,1.0,0.0,1.0,1.0,1.0,Normal- (3786),Normal,136
1.0,1.0,0.0,1.0,1.0,1.0,Normal- (1385),Normal,109
1.0,1.0,0.0,1.0,1.0,1.0,Normal- (2132),Normal,118
1.0,1.0,0.0,1.0,1.0,1.0,Normal- (1871),Normal,107
1.0,1.0,0.0,1.0,1.0,1.0,Normal- (1132),Normal,134
1.0,1.0,0.0,1.0,1.0,1.0,Normal- (4598),Normal,125
1.0,1.0,0.0,1.0,1.0,1.0,Normal- (901),Normal,141
1.0,1.0,0.0,1.0,1.0,1.0,Normal- (2202),Normal,113
1.0,1.0,0.0,1.0,1.0,1.0,Normal- (404),Normal,102
1.0,1.0,0.0,1.0,1.0,1.0,Normal- (4944),Normal,149
1.0,1.0,0.0,1.0,1.0,1.0,Normal- (1440),Normal,102
1.0,1.0,0.0,1.0,1.0,1.0,Normal- (861),Normal,122
1.0,1.0,0.0,1.0,1.0,1.0,Normal- (3140),Normal,109
1.0,1.0,0.0,1.0,1.0,1.0,Normal- (1009),Normal,116
1.0,1.0,0.0,1.0,1.0,1.0,Normal- (1082),Normal,147
1.0,1.0,0.0,1.0,1.0,1.0,Normal- (4023),Normal,114
1.0,1.0,0.0,1.0,1.0,1.0,Normal- (3117),Normal,125
1.0,1.0,0.0,1.0,1.0,1.0,Normal- (2406),Normal,109
1.0,1.0,0.0,1.0,1.0,1.0,Normal- (4429),Normal,134
1.0,1.0,0.0,1.0,1.0,1.0,Normal- (4016),Normal,112
1.0,1.0,0.0,1.0,1.0,1.0,Normal- (4596),Normal,140
1.0,1.0,0.0,1.0,1.0,1.0,Normal- (459),Normal,154
1.0,1.0,0.0,1.0,1.0,1.0,Normal- (2673),Normal,124
1.0,1.0,0.0,1.0,1.0,1.0,Normal- (545),Normal,144
1.0,1.0,0.0,1.0,1.0,1.0,Normal- (2663),Normal,119
1.0,1.0,0.0,1.0,1.0,1.0,Normal- (1984),Normal,125
1.0,1.0,0.0,1.0,1.0,1.0,Normal- (1792),Normal,140
1.0,1.0,0.0,1.0,1.0,1.0,Normal- (314),Normal,126
1.0,1.0,0.0,1.0,1.0,1.0,Normal- (2056),Normal,96
1.0,1.0,0.0,1.0,1.0,1.0,Normal- (4601),Normal,121
1.0,1.0,0.0,1.0,1.0,1.0,Normal- (3723),Normal,106
1.0,1.0,0.0,1.0,1.0,1.0,Normal- (2361),Normal,116
1.0,1.0,0.0,1.0,1.0,1.0,Normal- (4621),Normal,120
1.0,1.0,0.0,1.0,1.0,1.0,Normal- (2989),Normal,128
1.0,1.0,0.0,1.0,1.0,1.0,Normal- (1747),Normal,132
1.0,1.0,0.0,1.0,1.0,1.0,Normal- (996),Normal,130
1.0,1.0,0.0,1.0,1.0,1.0,Normal- (3603),Normal,111
1.0,1.0,0.0,1.0,1.0,1.0,Normal- (2379),Normal,114
1.0,1.0,0.0,1.0,1.0,1.0,Normal- (871),Normal,139
1.0,1.0,0.0,1.0,1.0,1.0,Normal- (255),Normal,126
1.0,1.0,0.0,1.0,1.0,1.0,Normal- (2408),Normal,105
1.0,1.0,0.0,1.0,1.0,1.0,Normal- (2495),Normal,122
1.0,1.0,0.0,1.0,1.0,1.0,Normal- (1352),Normal,136
1.0,1.0,0.0,1.0,1.0,1.0,Normal- (4242),Normal,119
1.0,1.0,0.0,1.0,1.0,1.0,Normal- (4552),Normal,107
1.0,1.0,0.0,1.0,1.0,1.0,Normal- (3989),Normal,121
1.0,1.0,0.0,1.0,1.0,1.0,Normal- (1117),Normal,140
1.0,1.0,0.0,1.0,1.0,1.0,Normal- (3105),Normal,136
1.0,1.0,0.0,1.0,1.0,1.0,Normal- (2635),Normal,149
1.0,1.0,0.0,1.0,1.0,1.0,Normal- (4373),Normal,126
1.0,1.0,0.0,1.0,1.0,1.0,Normal- (240),Normal,149
1.0,1.0,0.0,1.0,1.0,1.0,Normal- (1435),Normal,87
1.0,1.0,0.0,1.0,1.0,1.0,Normal- (3472),Normal,118
1.0,1.0,0.0,1.0,1.0,1.0,Normal- (718),Normal,127
1.0,1.0,0.0,1.0,1.0,1.0,Normal- (2209),Normal,121
1.0,1.0,0.0,1.0,1.0,1.0,Normal- (1723),Normal,100
1.0,1.0,0.0,1.0,1.0,1.0,Normal- (1257),Normal,90
1.0,1.0,0.0,1.0,1.0,1.0,Normal- (4849),Normal,118
1.0,1.0,0.0,1.0,1.0,1.0,Normal- (3901),Normal,141
1.0,1.0,0.0,1.0,1.0,1.0,Normal- (2555),Normal,120
1.0,1.0,0.0,1.0,1.0,1.0,Normal- (930),Normal,130
1.0,1.0,0.0,1.0,1.0,1.0,Normal- (195),Normal,106
1.0,1.0,0.0,1.0,1.0,1.0,Normal- (3315),Normal,135
1.0,1.0,0.0,1.0,1.0,1.0,Normal- (485),Normal,164
1.0,1.0,0.0,1.0,1.0,1.0,Normal- (1939),Normal,129
1.0,1.0,0.0,1.0,1.0,1.0,Normal- (3014),Normal,134
1.0,1.0,0.0,1.0,1.0,1.0,Normal- (3453),Normal,130
1.0,1.0,0.0,1.0,1.0,1.0,Normal- (3708),Normal,101
1.0,1.0,0.0,1.0,1.0,1.0,Normal- (736),Normal,126
1.0,1.0,0.0,1.0,1.0,1.0,Normal- (4441),Normal,125
1.0,1.0,0.0,1.0,1.0,1.0,Normal- (4232),Normal,124
1.0,1.0,0.0,1.0,1.0,1.0,Normal- (1423),Normal,107
1.0,1.0,0.0,1.0,1.0,1.0,Normal- (3893),Normal,135
1.0,1.0,0.0,1.0,1.0,1.0,Normal- (87),Normal,142
1.0,1.0,0.0,1.0,1.0,1.0,Normal- (1097),Normal,147
1.0,1.0,0.0,1.0,1.0,1.0,Normal- (3598),Normal,103
1.0,1.0,0.0,1.0,1.0,1.0,Normal- (1422),Normal,101
1.0,1.0,0.0,1.0,1.0,1.0,Normal- (4822),Normal,104
1.0,1.0,0.0,1.0,1.0,1.0,Normal- (2278),Normal,106
1.0,1.0,0.0,1.0,1.0,1.0,Normal- (1518),Normal,113
1.0,1.0,0.0,1.0,1.0,1.0,Normal- (4326),Normal,103
1.0,1.0,0.0,1.0,1.0,1.0,Normal- (3099),Normal,136
1.0,1.0,0.0,1.0,1.0,1.0,Normal- (4357),Normal,118
1.0,1.0,0.0,1.0,1.0,1.0,Normal- (3247),Normal,134
1.0,1.0,0.0,1.0,1.0,1.0,Normal- (746),Normal,138
1.0,1.0,0.0,1.0,1.0,1.0,Normal- (2775),Normal,146
1.0,1.0,0.0,1.0,1.0,1.0,Normal- (426),Normal,119
1.0,1.0,0.0,1.0,1.0,1.0,Normal- (2523),Normal,107
1.0,1.0,0.0,1.0,1.0,1.0,Normal- (3766),Normal,137
1.0,1.0,0.0,1.0,1.0,1.0,Normal- (4889),Normal,102
1.0,1.0,0.0,1.0,1.0,1.0,Normal- (2141),Normal,118
1.0,1.0,0.0,1.0,1.0,1.0,Normal- (3928),Normal,111
1.0,1.0,0.0,1.0,1.0,1.0,Normal- (3578),Normal,104
1.0,1.0,0.0,1.0,1.0,1.0,Normal- (639),Normal,95
1.0,1.0,0.0,1.0,1.0,1.0,Normal- (960),Normal,129
1.0,1.0,0.0,1.0,1.0,1.0,Normal- (1928),Normal,127
1.0,1.0,0.0,1.0,1.0,1.0,Normal- (4659),Normal,98
1.0,1.0,0.0,1.0,1.0,1.0,Normal- (2488),Normal,137
1.0,1.0,0.0,1.0,1.0,1.0,Normal- (1675),Normal,106
1.0,1.0,0.0,1.0,1.0,1.0,Normal- (3384),Normal,129
1.0,1.0,0.0,1.0,1.0,1.0,Normal- (1526),Normal,116
1.0,1.0,0.0,1.0,1.0,1.0,Normal- (4845),Normal,101
1.0,1.0,0.0,1.0,1.0,1.0,Normal- (921),Normal,137
1.0,1.0,0.0,1.0,1.0,1.0,Normal- (2688),Normal,125
1.0,1.0,0.0,1.0,1.0,1.0,Normal- (3111),Normal,124
1.0,1.0,0.0,1.0,1.0,1.0,Normal- (3949),Normal,118
1.0,1.0,0.0,1.0,1.0,1.0,Normal- (4365),Normal,125
1.0,1.0,0.0,1.0,1.0,1.0,Normal- (4290),Normal,119
1.0,1.0,0.0,1.0,1.0,1.0,Normal- (2383),Normal,110
1.0,1.0,0.0,1.0,1.0,1.0,Normal- (1371),Normal,110
1.0,1.0,0.0,1.0,1.0,1.0,Normal- (3057),Normal,128
1.0,1.0,0.0,1.0,1.0,1.0,Normal- (4839),Normal,113
1.0,1.0,0.0,1.0,1.0,1.0,Normal- (3769),Normal,145
1.0,1.0,0.0,1.0,1.0,1.0,Normal- (3154),Normal,86
1.0,1.0,0.0,1.0,1.0,1.0,Normal- (944),Normal,141
1.0,1.0,0.0,1.0,1.0,1.0,Normal- (1392),Normal,122
1.0,1.0,0.0,1.0,1.0,1.0,Normal- (667),Normal,101
1.0,1.0,0.0,1.0,1.0,1.0,Normal- (1725),Normal,100
1.0,1.0,0.0,1.0,1.0,1.0,Normal- (3932),Normal,117
1.0,1.0,0.0,1.0,1.0,1.0,Normal- (126),Normal,133
1.0,1.0,0.0,1.0,1.0,1.0,Normal- (2348),Normal,121
1.0,1.0,0.0,1.0,1.0,1.0,Normal- (339),Normal,125
1.0,1.0,0.0,1.0,1.0,1.0,Normal- (1225),Normal,107
1.0,1.0,0.0,1.0,1.0,1.0,Normal- (3642),Normal,117
1.0,1.0,0.0,1.0,1.0,1.0,Normal- (4575),Normal,123
1.0,1.0,0.0,1.0,1.0,1.0,Normal- (1313),Normal,134
1.0,1.0,0.0,1.0,1.0,1.0,Normal- (2503),Normal,127
1.0,1.0,0.0,1.0,1.0,1.0,Normal- (131),Normal,130
1.0,1.0,0.0,1.0,1.0,1.0,Normal- (2506),Normal,130
1.0,1.0,0.0,1.0,1.0,1.0,Normal- (549),Normal,142
1.0,1.0,0.0,1.0,1.0,1.0,Normal- (141),Normal,122
1.0,1.0,0.0,1.0,1.0,1.0,Normal- (3214),Normal,135
1.0,1.0,0.0,1.0,1.0,1.0,Normal- (108),Normal,121
1.0,1.0,0.0,1.0,1.0,1.0,Normal- (4713),Normal,124
1.0,1.0,0.0,1.0,1.0,1.0,Normal- (700),Normal,90
1.0,1.0,0.0,1.0,1.0,1.0,Normal- (4474),Normal,118
1.0,1.0,0.0,1.0,1.0,1.0,Normal- (3378),Normal,139
1.0,1.0,0.0,1.0,1.0,1.0,Normal- (658),Normal,96
1.0,1.0,0.0,1.0,1.0,1.0,Normal- (1021),Normal,111
1.0,1.0,0.0,1.0,1.0,1.0,Normal- (3959),Normal,91
1.0,1.0,0.0,1.0,1.0,1.0,Normal- (413),Normal,110
1.0,1.0,0.0,1.0,1.0,1.0,Normal- (1524),Normal,120
1.0,1.0,0.0,1.0,1.0,1.0,Normal- (3903),Normal,132
1.0,1.0,0.0,1.0,1.0,1.0,Normal- (4668),Normal,94
1.0,1.0,0.0,1.0,1.0,1.0,Normal- (2270),Normal,115
1.0,1.0,0.0,1.0,1.0,1.0,Normal- (2955),Normal,88
1.0,1.0,0.0,1.0,1.0,1.0,Normal- (247),Normal,130
1.0,1.0,0.0,1.0,1.0,1.0,Normal- (4508),Normal,124
1.0,1.0,0.0,1.0,1.0,1.0,Normal- (4973),Normal,140
1.0,1.0,0.0,1.0,1.0,1.0,Normal- (4652),Normal,108
1.0,1.0,0.0,1.0,1.0,1.0,Normal- (2609),Normal,133
1.0,1.0,0.0,1.0,1.0,1.0,Normal- (1992),Normal,121
1.0,1.0,0.0,1.0,1.0,1.0,Normal- (776),Normal,136
1.0,1.0,0.0,1.0,1.0,1.0,Normal- (259),Normal,126
1.0,1.0,0.0,1.0,1.0,1.0,Normal- (1227),Normal,90
1.0,1.0,0.0,1.0,1.0,1.0,Normal- (89),Normal,148
1.0,1.0,0.0,1.0,1.0,1.0,Normal- (4553),Normal,110
1.0,1.0,0.0,1.0,1.0,1.0,Normal- (283),Normal,118
1.0,1.0,0.0,1.0,1.0,1.0,Normal- (494),Normal,160
1.0,1.0,0.0,1.0,1.0,1.0,Normal- (3348),Normal,142
1.0,1.0,0.0,1.0,1.0,1.0,Normal- (4448),Normal,132
1.0,1.0,0.0,1.0,1.0,1.0,Normal- (3027),Normal,132
1.0,1.0,0.0,1.0,1.0,1.0,Normal- (710),Normal,104
1.0,1.0,0.0,1.0,1.0,1.0,Normal- (456),Normal,146
1.0,1.0,0.0,1.0,1.0,1.0,Normal- (678),Normal,112
1.0,1.0,0.0,1.0,1.0,1.0,Normal- (1282),Normal,126
1.0,1.0,0.0,1.0,1.0,1.0,Normal- (3018),Normal,137
1.0,1.0,0.0,1.0,1.0,1.0,Normal- (3019),Normal,130
1.0,1.0,0.0,1.0,1.0,1.0,Normal- (3667),Normal,97
1.0,1.0,0.0,1.0,1.0,1.0,Normal- (4167),Normal,138
1.0,1.0,0.0,1.0,1.0,1.0,Normal- (2067),Normal,90
1.0,1.0,0.0,1.0,1.0,1.0,Normal- (1060),Normal,86
1.0,1.0,0.0,1.0,1.0,1.0,Normal- (2082),Normal,90
1.0,1.0,0.0,1.0,1.0,1.0,Normal- (2812),Normal,143
1.0,1.0,0.0,1.0,1.0,1.0,Normal- (1894),Normal,97
1.0,1.0,0.0,1.0,1.0,1.0,Normal- (1946),Normal,132
1.0,1.0,0.0,1.0,1.0,1.0,Normal- (4379),Normal,139
1.0,1.0,0.0,1.0,1.0,1.0,Normal- (4777),Normal,130
1.0,1.0,0.0,1.0,1.0,1.0,Normal- (1347),Normal,131
1.0,1.0,0.0,1.0,1.0,1.0,Normal- (3722),Normal,110
1.0,1.0,0.0,1.0,1.0,1.0,Normal- (964),Normal,138
1.0,1.0,0.0,1.0,1.0,1.0,Normal- (3326),Normal,132
1.0,1.0,0.0,1.0,1.0,1.0,Normal- (3874),Normal,140
1.0,1.0,0.0,1.0,1.0,1.0,Normal- (705),Normal,89
1.0,1.0,0.0,1.0,1.0,1.0,Normal- (1965),Normal,124
1.0,1.0,0.0,1.0,1.0,1.0,Normal- (1198),Normal,123
1.0,1.0,0.0,1.0,1.0,1.0,Normal- (5065),Normal,84
1.0,1.0,0.0,1.0,1.0,1.0,Normal- (2959),Normal,85
1.0,1.0,0.0,1.0,1.0,1.0,Normal- (3787),Normal,140
1.0,1.0,0.0,1.0,1.0,1.0,Normal- (557),Normal,155
1.0,1.0,0.0,1.0,1.0,1.0,Normal- (2055),Normal,93
1.0,1.0,0.0,1.0,1.0,1.0,Normal- (2079),Normal,95
1.0,1.0,0.0,1.0,1.0,1.0,Normal- (2774),Normal,144
1.0,1.0,0.0,1.0,1.0,1.0,Normal- (580),Normal,151
1.0,1.0,0.0,1.0,1.0,1.0,Normal- (4638),Normal,119
1.0,1.0,0.0,1.0,1.0,1.0,Normal- (1158),Normal,135
1.0,1.0,0.0,1.0,1.0,1.0,Normal- (655),Normal,101
1.0,1.0,0.0,1.0,1.0,1.0,Normal- (4852),Normal,115
1.0,1.0,0.0,1.0,1.0,1.0,Normal- (1590),Normal,117
1.0,1.0,0.0,1.0,1.0,1.0,Normal- (2541),Normal,114
1.0,1.0,0.0,1.0,1.0,1.0,Normal- (258),Normal,130
1.0,1.0,0.0,1.0,1.0,1.0,Normal- (881),Normal,137
1.0,1.0,0.0,1.0,1.0,1.0,Normal- (877),Normal,132
1.0,1.0,0.0,1.0,1.0,1.0,Normal- (4824),Normal,106
1.0,1.0,0.0,1.0,1.0,1.0,Normal- (2884),Normal,123
1.0,1.0,0.0,1.0,1.0,1.0,Normal- (3410),Normal,135
1.0,1.0,0.0,1.0,1.0,1.0,Normal- (698),Normal,101
1.0,1.0,0.0,1.0,1.0,1.0,Normal- (2591),Normal,135
1.0,1.0,0.0,1.0,1.0,1.0,Normal- (3418),Normal,129
1.0,1.0,0.0,1.0,1.0,1.0,Normal- (1587),Normal,112
1.0,1.0,0.0,1.0,1.0,1.0,Normal- (753),Normal,133
1.0,1.0,0.0,1.0,1.0,1.0,Normal- (3704),Normal,111
1.0,1.0,0.0,1.0,1.0,1.0,Normal- (2032),Normal,135
1.0,1.0,0.0,1.0,1.0,1.0,Normal- (318),Normal,130
1.0,1.0,0.0,1.0,1.0,1.0,Normal- (3448),Normal,139
1.0,1.0,0.0,1.0,1.0,1.0,Normal- (990),Normal,146
1.0,1.0,0.0,1.0,1.0,1.0,Normal- (2952),Normal,91
1.0,1.0,0.0,1.0,1.0,1.0,Normal- (1196),Normal,121
1.0,1.0,0.0,1.0,1.0,1.0,Normal- (4736),Normal,142
1.0,1.0,0.0,1.0,1.0,1.0,Normal- (4126),Normal,99
1.0,1.0,0.0,1.0,1.0,1.0,Normal- (1933),Normal,134
1.0,1.0,0.0,1.0,1.0,1.0,Normal- (1037),Normal,104
1.0,1.0,0.0,1.0,1.0,1.0,Normal- (1188),Normal,131
1.0,1.0,0.0,1.0,1.0,1.0,Normal- (4351),Normal,123
1.0,1.0,0.0,1.0,1.0,1.0,Normal- (1317),Normal,127
1.0,1.0,0.0,1.0,1.0,1.0,Normal- (1941),Normal,125
1.0,1.0,0.0,1.0,1.0,1.0,Normal- (2328),Normal,95
1.0,1.0,0.0,1.0,1.0,1.0,Normal- (2632),Normal,130
1.0,1.0,0.0,1.0,1.0,1.0,Normal- (458),Normal,150
1.0,1.0,0.0,1.0,1.0,1.0,Normal- (1329),Normal,148
1.0,1.0,0.0,1.0,1.0,1.0,Normal- (2526),Normal,120
1.0,1.0,0.0,1.0,1.0,1.0,Normal- (4456),Normal,120
1.0,1.0,0.0,1.0,1.0,1.0,Normal- (2452),Normal,117
1.0,1.0,0.0,1.0,1.0,1.0,Normal- (112),Normal,129
1.0,1.0,0.0,1.0,1.0,1.0,Normal- (4489),Normal,122
1.0,1.0,0.0,1.0,1.0,1.0,Normal- (1040),Normal,106
1.0,1.0,0.0,1.0,1.0,1.0,Normal- (847),Normal,139
1.0,1.0,0.0,1.0,1.0,1.0,Normal- (239),Normal,137
1.0,1.0,0.0,1.0,1.0,1.0,Normal- (308),Normal,134
1.0,1.0,0.0,1.0,1.0,1.0,Normal- (4381),Normal,126
1.0,1.0,0.0,1.0,1.0,1.0,Normal- (3557),Normal,97
1.0,1.0,0.0,1.0,1.0,1.0,Normal- (243),Normal,139
1.0,1.0,0.0,1.0,1.0,1.0,Normal- (623),Normal,110
1.0,1.0,0.0,1.0,1.0,1.0,Normal- (1053),Normal,90
1.0,1.0,0.0,1.0,1.0,1.0,Normal- (1966),Normal,130
1.0,1.0,0.0,1.0,1.0,1.0,Normal- (238),Normal,139
1.0,1.0,0.0,1.0,1.0,1.0,Normal- (1084),Normal,134
1.0,1.0,0.0,1.0,1.0,1.0,Normal- (1429),Normal,111
1.0,1.0,0.0,1.0,1.0,1.0,Normal- (810),Normal,134
1.0,1.0,0.0,1.0,1.0,1.0,Normal- (3425),Normal,123
1.0,1.0,0.0,1.0,1.0,1.0,Normal- (3695),Normal,105
1.0,1.0,0.0,1.0,1.0,1.0,Normal- (4808),Normal,122
1.0,1.0,0.0,1.0,1.0,1.0,Normal- (2372),Normal,116
1.0,1.0,0.0,1.0,1.0,1.0,Normal- (560),Normal,160
1.0,1.0,0.0,1.0,1.0,1.0,Normal- (3539),Normal,104
1.0,1.0,0.0,1.0,1.0,1.0,Normal- (275),Normal,116
1.0,1.0,0.0,1.0,1.0,1.0,Normal- (1289),Normal,124
1.0,1.0,0.0,1.0,1.0,1.0,Normal- (3430),Normal,126
1.0,1.0,0.0,1.0,1.0,1.0,Normal- (4949),Normal,139
1.0,1.0,0.0,1.0,1.0,1.0,Normal- (2889),Normal,108
1.0,1.0,0.0,1.0,1.0,1.0,Normal- (4459),Normal,111
1.0,1.0,0.0,1.0,1.0,1.0,Normal- (2789),Normal,138
1.0,1.0,0.0,1.0,1.0,1.0,Normal- (190),Normal,114
1.0,1.0,0.0,1.0,1.0,1.0,Normal- (2280),Normal,116
1.0,1.0,0.0,1.0,1.0,1.0,Normal- (429),Normal,121
1.0,1.0,0.0,1.0,1.0,1.0,Normal- (1721),Normal,105
1.0,1.0,0.0,1.0,1.0,1.0,Normal- (1260),Normal,87
1.0,1.0,0.0,1.0,1.0,1.0,Normal- (4664),Normal,97
1.0,1.0,0.0,1.0,1.0,1.0,Normal- (4478),Normal,128
1.0,1.0,0.0,1.0,1.0,1.0,Normal- (1479),Normal,109
1.0,1.0,0.0,1.0,1.0,1.0,Normal- (2449),Normal,119
1.0,1.0,0.0,1.0,1.0,1.0,Normal- (851),Normal,127
1.0,1.0,0.0,1.0,1.0,1.0,Normal- (2028),Normal,138
1.0,1.0,0.0,1.0,1.0,1.0,Normal- (2566),Normal,115
1.0,1.0,0.0,1.0,1.0,1.0,Normal- (3356),Normal,143
1.0,1.0,0.0,1.0,1.0,1.0,Normal- (600),Normal,145
1.0,1.0,0.0,1.0,1.0,1.0,Normal- (2465),Normal,127
1.0,1.0,0.0,1.0,1.0,1.0,Normal- (5034),Normal,90
1.0,1.0,0.0,1.0,1.0,1.0,Normal- (1384),Normal,120
1.0,1.0,0.0,1.0,1.0,1.0,Normal- (4160),Normal,124
1.0,1.0,0.0,1.0,1.0,1.0,Normal- (2491),Normal,119
1.0,1.0,0.0,1.0,1.0,1.0,Normal- (4250),Normal,109
1.0,1.0,0.0,1.0,1.0,1.0,Normal- (3551),Normal,99
1.0,1.0,0.0,1.0,1.0,1.0,Normal- (2353),Normal,107
1.0,1.0,0.0,1.0,1.0,1.0,Normal- (2569),Normal,136
1.0,1.0,0.0,1.0,1.0,1.0,Normal- (709),Normal,95
1.0,1.0,0.0,1.0,1.0,1.0,Normal- (872),Normal,136
1.0,1.0,0.0,1.0,1.0,1.0,Normal- (2092),Normal,111
1.0,1.0,0.0,1.0,1.0,1.0,Normal- (4585),Normal,126
1.0,1.0,0.0,1.0,1.0,1.0,Normal- (2335),Normal,100
1.0,1.0,0.0,1.0,1.0,1.0,Normal- (1744),Normal,142
1.0,1.0,0.0,1.0,1.0,1.0,Normal- (4863),Normal,119
1.0,1.0,0.0,1.0,1.0,1.0,Normal- (566),Normal,151
1.0,1.0,0.0,1.0,1.0,1.0,Normal- (926),Normal,132
1.0,1.0,0.0,1.0,1.0,1.0,Normal- (2451),Normal,115
1.0,1.0,0.0,1.0,1.0,1.0,Normal- (4472),Normal,125
1.0,1.0,0.0,1.0,1.0,1.0,Normal- (2264),Normal,121
1.0,1.0,0.0,1.0,1.0,1.0,Normal- (1707),Normal,123
1.0,1.0,0.0,1.0,1.0,1.0,Normal- (4525),Normal,113
1.0,1.0,0.0,1.0,1.0,1.0,Normal- (4),Normal,134
1.0,1.0,0.0,1.0,1.0,1.0,Normal- (202),Normal,96
1.0,1.0,0.0,1.0,1.0,1.0,Normal- (4881),Normal,125
1.0,1.0,0.0,1.0,1.0,1.0,Normal- (3077),Normal,128
1.0,1.0,0.0,1.0,1.0,1.0,Normal- (3222),Normal,135
1.0,1.0,0.0,1.0,1.0,1.0,Normal- (617),Normal,155
1.0,1.0,0.0,1.0,1.0,1.0,Normal- (4936),Normal,141
1.0,1.0,0.0,1.0,1.0,1.0,Normal- (1986),Normal,132
1.0,1.0,0.0,1.0,1.0,1.0,Normal- (3820),Normal,136
1.0,1.0,0.0,1.0,1.0,1.0,Normal- (2410),Normal,111
1.0,1.0,0.0,1.0,1.0,1.0,Normal- (4314),Normal,126
1.0,1.0,0.0,1.0,1.0,1.0,Normal- (1990),Normal,128
1.0,1.0,0.0,1.0,1.0,1.0,Normal- (3003),Normal,126
1.0,1.0,0.0,1.0,1.0,1.0,Normal- (1061),Normal,78
1.0,1.0,0.0,1.0,1.0,1.0,Normal- (1908),Normal,87
1.0,1.0,0.0,1.0,1.0,1.0,Normal- (2690),Normal,124
1.0,1.0,0.0,1.0,1.0,1.0,Normal- (2954),Normal,95
1.0,1.0,0.0,1.0,1.0,1.0,Normal- (2453),Normal,110
1.0,1.0,0.0,1.0,1.0,1.0,Normal- (4013),Normal,112
1.0,1.0,0.0,1.0,1.0,1.0,Normal- (1980),Normal,135
1.0,1.0,0.0,1.0,1.0,1.0,Normal- (957),Normal,141
1.0,1.0,0.0,1.0,1.0,1.0,Normal- (2675),Normal,127
1.0,1.0,0.0,1.0,1.0,1.0,Normal- (865),Normal,142
1.0,1.0,0.0,1.0,1.0,1.0,Normal- (1650),Normal,100
1.0,1.0,0.0,1.0,1.0,1.0,Normal- (3891),Normal,141
1.0,1.0,0.0,1.0,1.0,1.0,Normal- (882),Normal,133
1.0,1.0,0.0,1.0,1.0,1.0,Normal- (574),Normal,149
1.0,1.0,0.0,1.0,1.0,1.0,Normal- (2575),Normal,136
1.0,1.0,0.0,1.0,1.0,1.0,Normal- (69),Normal,141
1.0,1.0,0.0,1.0,1.0,1.0,Normal- (3387),Normal,129
1.0,1.0,0.0,1.0,1.0,1.0,Normal- (4487),Normal,116
1.0,1.0,0.0,1.0,1.0,1.0,Normal- (879),Normal,139
1.0,1.0,0.0,1.0,1.0,1.0,Normal- (193),Normal,123
1.0,1.0,0.0,1.0,1.0,1.0,Normal- (1856),Normal,109
1.0,1.0,0.0,1.0,1.0,1.0,Normal- (2975),Normal,95
1.0,1.0,0.0,1.0,1.0,1.0,Normal- (3272),Normal,123
1.0,1.0,0.0,1.0,1.0,1.0,Normal- (1667),Normal,115
1.0,1.0,0.0,1.0,1.0,1.0,Normal- (527),Normal,148
1.0,1.0,0.0,1.0,1.0,1.0,Normal- (3790),Normal,138
1.0,1.0,0.0,1.0,1.0,1.0,Normal- (2792),Normal,138
1.0,1.0,0.0,1.0,1.0,1.0,Normal- (32),Normal,145
1.0,1.0,0.0,1.0,1.0,1.0,Normal- (3608),Normal,116
1.0,1.0,0.0,1.0,1.0,1.0,Normal- (4153),Normal,85
1.0,1.0,0.0,1.0,1.0,1.0,Normal- (2388),Normal,115
1.0,1.0,0.0,1.0,1.0,1.0,Normal- (4957),Normal,155
1.0,1.0,0.0,1.0,1.0,1.0,Normal- (4301),Normal,112
1.0,1.0,0.0,1.0,1.0,1.0,Normal- (2879),Normal,115
1.0,1.0,0.0,1.0,1.0,1.0,Normal- (908),Normal,147
1.0,1.0,0.0,1.0,1.0,1.0,Normal- (742),Normal,122
1.0,1.0,0.0,1.0,1.0,1.0,Normal- (257),Normal,127
1.0,1.0,0.0,1.0,1.0,1.0,Normal- (4791),Normal,110
1.0,1.0,0.0,1.0,1.0,1.0,Normal- (2208),Normal,121
1.0,1.0,0.0,1.0,1.0,1.0,Normal- (1208),Normal,110
1.0,1.0,0.0,1.0,1.0,1.0,Normal- (1967),Normal,124
1.0,1.0,0.0,1.0,1.0,1.0,Normal- (602),Normal,146
1.0,1.0,0.0,1.0,1.0,1.0,Normal- (1762),Normal,130
1.0,1.0,0.0,1.0,1.0,1.0,Normal- (1569),Normal,118
1.0,1.0,0.0,1.0,1.0,1.0,Normal- (3267),Normal,154
1.0,1.0,0.0,1.0,1.0,1.0,Normal- (1372),Normal,118
1.0,1.0,0.0,1.0,1.0,1.0,Normal- (2283),Normal,115
1.0,1.0,0.0,1.0,1.0,1.0,Normal- (2606),Normal,140
1.0,1.0,0.0,1.0,1.0,1.0,Normal- (675),Normal,103
1.0,1.0,0.0,1.0,1.0,1.0,Normal- (1925),Normal,128
1.0,1.0,0.0,1.0,1.0,1.0,Normal- (619),Normal,104
1.0,1.0,0.0,1.0,1.0,1.0,Normal- (626),Normal,90
1.0,1.0,0.0,1.0,1.0,1.0,Normal- (1013),Normal,125
1.0,1.0,0.0,1.0,1.0,1.0,Normal- (2143),Normal,112
1.0,1.0,0.0,1.0,1.0,1.0,Normal- (727),Normal,131
1.0,1.0,0.0,1.0,1.0,1.0,Normal- (2621),Normal,156
1.0,1.0,0.0,1.0,1.0,1.0,Normal- (4545),Normal,106
1.0,1.0,0.0,1.0,1.0,1.0,Normal- (1535),Normal,116
1.0,1.0,0.0,1.0,1.0,1.0,Normal- (4684),Normal,88
1.0,1.0,0.0,1.0,1.0,1.0,Normal- (2999),Normal,125
1.0,1.0,0.0,1.0,1.0,1.0,Normal- (321),Normal,126
1.0,1.0,0.0,1.0,1.0,1.0,Normal- (2434),Normal,115
1.0,1.0,0.0,1.0,1.0,1.0,Normal- (64),Normal,160
1.0,1.0,0.0,1.0,1.0,1.0,Normal- (4276),Normal,113
1.0,1.0,0.0,1.0,1.0,1.0,Normal- (1332),Normal,136
1.0,1.0,0.0,1.0,1.0,1.0,Normal- (759),Normal,144
1.0,1.0,0.0,1.0,1.0,1.0,Normal- (2683),Normal,128
1.0,1.0,0.0,1.0,1.0,1.0,Normal- (284),Normal,121
1.0,1.0,0.0,1.0,1.0,1.0,Normal- (1537),Normal,120
1.0,1.0,0.0,1.0,1.0,1.0,Normal- (1607),Normal,118
1.0,1.0,0.0,1.0,1.0,1.0,Normal- (1212),Normal,101
1.0,1.0,0.0,1.0,1.0,1.0,Normal- (4163),Normal,124
1.0,1.0,0.0,1.0,1.0,1.0,Normal- (2236),Normal,120
1.0,1.0,0.0,1.0,1.0,1.0,Normal- (421),Normal,107
1.0,1.0,0.0,1.0,1.0,1.0,Normal- (4001),Normal,102
1.0,1.0,0.0,1.0,1.0,1.0,Normal- (4893),Normal,111
1.0,1.0,0.0,1.0,1.0,1.0,Normal- (1066),Normal,98
1.0,1.0,0.0,1.0,1.0,1.0,Normal- (528),Normal,153
1.0,1.0,0.0,1.0,1.0,1.0,Normal- (3504),Normal,126
1.0,1.0,0.0,1.0,1.0,1.0,Normal- (4543),Normal,106
1.0,1.0,0.0,1.0,1.0,1.0,Normal- (440),Normal,156
1.0,1.0,0.0,1.0,1.0,1.0,Normal- (3710),Normal,109
1.0,1.0,0.0,1.0,1.0,1.0,Normal- (3158),Normal,79
1.0,1.0,0.0,1.0,1.0,1.0,Normal- (2800),Normal,137
1.0,1.0,0.0,1.0,1.0,1.0,Normal- (3110),Normal,122
1.0,1.0,0.0,1.0,1.0,1.0,Normal- (245),Normal,127
1.0,1.0,0.0,1.0,1.0,1.0,Normal- (4068),Normal,117
1.0,1.0,0.0,1.0,1.0,1.0,Normal- (4888),Normal,110
1.0,1.0,0.0,1.0,1.0,1.0,Normal- (1837),Normal,119
1.0,1.0,0.0,1.0,1.0,1.0,Normal- (2014),Normal,138
1.0,1.0,0.0,1.0,1.0,1.0,Normal- (1085),Normal,137
1.0,1.0,0.0,1.0,1.0,1.0,Normal- (177),Normal,93
1.0,1.0,0.0,1.0,1.0,1.0,Normal- (2133),Normal,120
1.0,1.0,0.0,1.0,1.0,1.0,Normal- (3918),Normal,116
1.0,1.0,0.0,1.0,1.0,1.0,Normal- (1558),Normal,132
1.0,1.0,0.0,1.0,1.0,1.0,Normal- (3131),Normal,108
1.0,1.0,0.0,1.0,1.0,1.0,Normal- (4378),Normal,122
1.0,1.0,0.0,1.0,1.0,1.0,Normal- (1508),Normal,116
1.0,1.0,0.0,1.0,1.0,1.0,Normal- (2671),Normal,126
1.0,1.0,0.0,1.0,1.0,1.0,Normal- (445),Normal,146
1.0,1.0,0.0,1.0,1.0,1.0,Normal- (1672),Normal,116
1.0,1.0,0.0,1.0,1.0,1.0,Normal- (2599),Normal,132
1.0,1.0,0.0,1.0,1.0,1.0,Normal- (1044),Normal,92
1.0,1.0,0.0,1.0,1.0,1.0,Normal- (1936),Normal,125
1.0,1.0,0.0,1.0,1.0,1.0,Normal- (4120),Normal,115
1.0,1.0,0.0,1.0,1.0,1.0,Normal- (4651),Normal,109
1.0,1.0,0.0,1.0,1.0,1.0,Normal- (4061),Normal,104
1.0,1.0,0.0,1.0,1.0,1.0,Normal- (148),Normal,114
1.0,1.0,0.0,1.0,1.0,1.0,Normal- (4643),Normal,115
1.0,1.0,0.0,1.0,1.0,1.0,Normal- (3966),Normal,114
1.0,1.0,0.0,1.0,1.0,1.0,Normal- (3594),Normal,107
1.0,1.0,0.0,1.0,1.0,1.0,Normal- (1398),Normal,116
1.0,1.0,0.0,1.0,1.0,1.0,Normal- (662),Normal,94
1.0,1.0,0.0,1.0,1.0,1.0,Normal- (1174),Normal,120
1.0,1.0,0.0,1.0,1.0,1.0,Normal- (967),Normal,135
1.0,1.0,0.0,1.0,1.0,1.0,Normal- (2360),Normal,116
1.0,1.0,0.0,1.0,1.0,1.0,Normal- (419),Normal,106
1.0,1.0,0.0,1.0,1.0,1.0,Normal- (4974),Normal,147
1.0,1.0,0.0,1.0,1.0,1.0,Normal- (3796),Normal,152
1.0,1.0,0.0,1.0,1.0,1.0,Normal- (2850),Normal,133
1.0,1.0,0.0,1.0,1.0,1.0,Normal- (480),Normal,136
1.0,1.0,0.0,1.0,1.0,1.0,Normal- (3377),Normal,133
1.0,1.0,0.0,1.0,1.0,1.0,Normal- (3744),Normal,132
1.0,1.0,0.0,1.0,1.0,1.0,Normal- (1915),Normal,141
1.0,1.0,0.0,1.0,1.0,1.0,Normal- (1579),Normal,111
1.0,1.0,0.0,1.0,1.0,1.0,Normal- (1802),Normal,129
1.0,1.0,0.0,1.0,1.0,1.0,Normal- (4501),Normal,129
1.0,1.0,0.0,1.0,1.0,1.0,Normal- (4415),Normal,134
1.0,1.0,0.0,1.0,1.0,1.0,Normal- (5022),Normal,122
1.0,1.0,0.0,1.0,1.0,1.0,Normal- (1106),Normal,150
1.0,1.0,0.0,1.0,1.0,1.0,Normal- (2061),Normal,92
1.0,1.0,0.0,1.0,1.0,1.0,Normal- (3665),Normal,104
1.0,1.0,0.0,1.0,1.0,1.0,Normal- (3834),Normal,144
1.0,1.0,0.0,1.0,1.0,1.0,Normal- (898),Normal,138
1.0,1.0,0.0,1.0,1.0,1.0,Normal- (3271),Normal,143
1.0,1.0,0.0,1.0,1.0,1.0,Normal- (3081),Normal,134
1.0,1.0,0.0,1.0,1.0,1.0,Normal- (1119),Normal,142
1.0,1.0,0.0,1.0,1.0,1.0,Normal- (717),Normal,126
1.0,1.0,0.0,1.0,1.0,1.0,Normal- (484),Normal,164
1.0,1.0,0.0,1.0,1.0,1.0,Normal- (2908),Normal,117
1.0,1.0,0.0,1.0,1.0,1.0,Normal- (86),Normal,143
1.0,1.0,0.0,1.0,1.0,1.0,Normal- (1164),Normal,135
1.0,1.0,0.0,1.0,1.0,1.0,Normal- (3571),Normal,91
1.0,1.0,0.0,1.0,1.0,1.0,Normal- (2568),Normal,131
1.0,1.0,0.0,1.0,1.0,1.0,Normal- (1459),Normal,109
1.0,1.0,0.0,1.0,1.0,1.0,Normal- (3633),Normal,112
1.0,1.0,0.0,1.0,1.0,1.0,Normal- (1054),Normal,86
1.0,1.0,0.0,1.0,1.0,1.0,Normal- (3922),Normal,120
1.0,1.0,0.0,1.0,1.0,1.0,Normal- (4646),Normal,109
1.0,1.0,0.0,1.0,1.0,1.0,Normal- (4454),Normal,123
1.0,1.0,0.0,1.0,1.0,1.0,Normal- (4328),Normal,90
1.0,1.0,0.0,1.0,1.0,1.0,Normal- (4090),Normal,107
1.0,1.0,0.0,1.0,1.0,1.0,Normal- (1224),Normal,112
1.0,1.0,0.0,1.0,1.0,1.0,Normal- (1561),Normal,123
1.0,1.0,0.0,1.0,1.0,1.0,Normal- (1819),Normal,124
1.0,1.0,0.0,1.0,1.0,1.0,Normal- (3550),Normal,98
1.0,1.0,0.0,1.0,1.0,1.0,Normal- (3419),Normal,132
1.0,1.0,0.0,1.0,1.0,1.0,Normal- (3421),Normal,132
1.0,1.0,0.0,1.0,1.0,1.0,Normal- (1108),Normal,145
1.0,1.0,0.0,1.0,1.0,1.0,Normal- (380),Normal,107
1.0,1.0,0.0,1.0,1.0,1.0,Normal- (2602),Normal,140
1.0,1.0,0.0,1.0,1.0,1.0,Normal- (379),Normal,116
1.0,1.0,0.0,1.0,1.0,1.0,Normal- (4948),Normal,140
1.0,1.0,0.0,1.0,1.0,1.0,Normal- (3296),Normal,144
1.0,1.0,0.0,1.0,1.0,1.0,Normal- (1509),Normal,118
1.0,1.0,0.0,1.0,1.0,1.0,Normal- (4828),Normal,110
1.0,1.0,0.0,1.0,1.0,1.0,Normal- (4945),Normal,157
1.0,1.0,0.0,1.0,1.0,1.0,Normal- (1622),Normal,127
1.0,1.0,0.0,1.0,1.0,1.0,Normal- (4559),Normal,111
1.0,1.0,0.0,1.0,1.0,1.0,Normal- (2063),Normal,101
1.0,1.0,0.0,1.0,1.0,1.0,Normal- (1879),Normal,91
1.0,1.0,0.0,1.0,1.0,1.0,Normal- (214),Normal,102
1.0,1.0,0.0,1.0,1.0,1.0,Normal- (4022),Normal,115
1.0,1.0,0.0,1.0,1.0,1.0,Normal- (4528),Normal,108
1.0,1.0,0.0,1.0,1.0,1.0,Normal- (3828),Normal,144
1.0,1.0,0.0,1.0,1.0,1.0,Normal- (1647),Normal,104
1.0,1.0,0.0,1.0,1.0,1.0,Normal- (3697),Normal,101
1.0,1.0,0.0,1.0,1.0,1.0,Normal- (2893),Normal,123
1.0,1.0,0.0,1.0,1.0,1.0,Normal- (2340),Normal,110
1.0,1.0,0.0,1.0,1.0,1.0,Normal- (2649),Normal,130
1.0,1.0,0.0,1.0,1.0,1.0,Normal- (3976),Normal,105
1.0,1.0,0.0,1.0,1.0,1.0,Normal- (1540),Normal,125
1.0,1.0,0.0,1.0,1.0,1.0,Normal- (858),Normal,124
1.0,1.0,0.0,1.0,1.0,1.0,Normal- (3279),Normal,138
1.0,1.0,0.0,1.0,1.0,1.0,Normal- (4408),Normal,144
1.0,1.0,0.0,1.0,1.0,1.0,Normal- (441),Normal,152
1.0,1.0,0.0,1.0,1.0,1.0,Normal- (4215),Normal,128
1.0,1.0,0.0,1.0,1.0,1.0,Normal- (1285),Normal,119
1.0,1.0,0.0,1.0,1.0,1.0,Normal- (3508),Normal,116
1.0,1.0,0.0,1.0,1.0,1.0,Normal- (1822),Normal,120
1.0,1.0,0.0,1.0,1.0,1.0,Normal- (1245),Normal,95
1.0,1.0,0.0,1.0,1.0,1.0,Normal- (2764),Normal,149
1.0,1.0,0.0,1.0,1.0,1.0,Normal- (1493),Normal,99
1.0,1.0,0.0,1.0,1.0,1.0,Normal- (3072),Normal,132
1.0,1.0,0.0,1.0,1.0,1.0,Normal- (232),Normal,142
1.0,1.0,0.0,1.0,1.0,1.0,Normal- (900),Normal,137
1.0,1.0,0.0,1.0,1.0,1.0,Normal- (373),Normal,115
1.0,1.0,0.0,1.0,1.0,1.0,Normal- (1543),Normal,130
1.0,1.0,0.0,1.0,1.0,1.0,Normal- (1917),Normal,142
1.0,1.0,0.0,1.0,1.0,1.0,Normal- (1473),Normal,109
1.0,1.0,0.0,1.0,1.0,1.0,Normal- (4124),Normal,105
1.0,1.0,0.0,1.0,1.0,1.0,Normal- (3177),Normal,78
1.0,1.0,0.0,1.0,1.0,1.0,Normal- (3236),Normal,137
1.0,1.0,0.0,1.0,1.0,1.0,Normal- (1745),Normal,137
1.0,1.0,0.0,1.0,1.0,1.0,Normal- (4507),Normal,133
1.0,1.0,0.0,1.0,1.0,1.0,Normal- (840),Normal,138
1.0,1.0,0.0,1.0,1.0,1.0,Normal- (2725),Normal,101
1.0,1.0,0.0,1.0,1.0,1.0,Normal- (209),Normal,95
1.0,1.0,0.0,1.0,1.0,1.0,Normal- (1267),Normal,90
1.0,1.0,0.0,1.0,1.0,1.0,Normal- (106),Normal,122
1.0,1.0,0.0,1.0,1.0,1.0,Normal- (3354),Normal,141
1.0,1.0,0.0,1.0,1.0,1.0,Normal- (2499),Normal,133
1.0,1.0,0.0,1.0,1.0,1.0,Normal- (3007),Normal,133
1.0,1.0,0.0,1.0,1.0,1.0,Normal- (4546),Normal,106
1.0,1.0,0.0,1.0,1.0,1.0,Normal- (631),Normal,93
1.0,1.0,0.0,1.0,1.0,1.0,Normal- (4667),Normal,106
1.0,1.0,0.0,1.0,1.0,1.0,Normal- (3330),Normal,145
1.0,1.0,0.0,1.0,1.0,1.0,Normal- (1133),Normal,137
1.0,1.0,0.0,1.0,1.0,1.0,Normal- (168),Normal,103
1.0,1.0,0.0,1.0,1.0,1.0,Normal- (2088),Normal,95
1.0,1.0,0.0,1.0,1.0,1.0,Normal- (3294),Normal,144
1.0,1.0,0.0,1.0,1.0,1.0,Normal- (811),Normal,137
1.0,1.0,0.0,1.0,1.0,1.0,Normal- (4436),Normal,119
1.0,1.0,0.0,1.0,1.0,1.0,Normal- (3329),Normal,135
1.0,1.0,0.0,1.0,1.0,1.0,Normal- (2118),Normal,101
1.0,1.0,0.0,1.0,1.0,1.0,Normal- (2750),Normal,160
1.0,1.0,0.0,1.0,1.0,1.0,Normal- (1337),Normal,142
1.0,1.0,0.0,1.0,1.0,1.0,Normal- (724),Normal,124
1.0,1.0,0.0,1.0,1.0,1.0,Normal- (3482),Normal,122
1.0,1.0,0.0,1.0,1.0,1.0,Normal- (1772),Normal,138
1.0,1.0,0.0,1.0,1.0,1.0,Normal- (2366),Normal,123
1.0,1.0,0.0,1.0,1.0,1.0,Normal- (2659),Normal,122
1.0,1.0,0.0,1.0,1.0,1.0,Normal- (1339),Normal,134
1.0,1.0,0.0,1.0,1.0,1.0,Normal- (3998),Normal,109
1.0,1.0,0.0,1.0,1.0,1.0,Normal- (3128),Normal,100
1.0,1.0,0.0,1.0,1.0,1.0,Normal- (3950),Normal,121
1.0,1.0,0.0,1.0,1.0,1.0,Normal- (1900),Normal,97
1.0,1.0,0.0,1.0,1.0,1.0,Normal- (3592),Normal,109
1.0,1.0,0.0,1.0,1.0,1.0,Normal- (983),Normal,134
1.0,1.0,0.0,1.0,1.0,1.0,Normal- (491),Normal,162
1.0,1.0,0.0,1.0,1.0,1.0,Normal- (2281),Normal,118
1.0,1.0,0.0,1.0,1.0,1.0,Normal- (590),Normal,154
1.0,1.0,0.0,1.0,1.0,1.0,Normal- (360),Normal,129
1.0,1.0,0.0,1.0,1.0,1.0,Normal- (3108),Normal,127
1.0,1.0,0.0,1.0,1.0,1.0,Normal- (3106),Normal,137
1.0,1.0,0.0,1.0,1.0,1.0,Normal- (1713),Normal,107
1.0,1.0,0.0,1.0,1.0,1.0,Normal- (3323),Normal,141
1.0,1.0,0.0,1.0,1.0,1.0,Normal- (1756),Normal,124
1.0,1.0,0.0,1.0,1.0,1.0,Normal- (4375),Normal,122
1.0,1.0,0.0,1.0,1.0,1.0,Normal- (2231),Normal,109
1.0,1.0,0.0,1.0,1.0,1.0,Normal- (1156),Normal,138
1.0,1.0,0.0,1.0,1.0,1.0,Normal- (4989),Normal,134
1.0,1.0,0.0,1.0,1.0,1.0,Normal- (3776),Normal,153
1.0,1.0,0.0,1.0,1.0,1.0,Normal- (4518),Normal,115
1.0,1.0,0.0,1.0,1.0,1.0,Normal- (1039),Normal,94
1.0,1.0,0.0,1.0,1.0,1.0,Normal- (3558),Normal,94
1.0,1.0,0.0,1.0,1.0,1.0,Normal- (552),Normal,148
1.0,1.0,0.0,1.0,1.0,1.0,Normal- (2548),Normal,120
1.0,1.0,0.0,1.0,1.0,1.0,Normal- (766),Normal,145
1.0,1.0,0.0,1.0,1.0,1.0,Normal- (1805),Normal,127
1.0,1.0,0.0,1.0,1.0,1.0,Normal- (4214),Normal,126
1.0,1.0,0.0,1.0,1.0,1.0,Normal- (3530),Normal,98
1.0,1.0,0.0,1.0,1.0,1.0,Normal- (3815),Normal,144
1.0,1.0,0.0,1.0,1.0,1.0,Normal- (71),Normal,138
1.0,1.0,0.0,1.0,1.0,1.0,Normal- (3139),Normal,110
1.0,1.0,0.0,1.0,1.0,1.0,Normal- (4300),Normal,115
1.0,1.0,0.0,1.0,1.0,1.0,Normal- (3886),Normal,136
1.0,1.0,0.0,1.0,1.0,1.0,Normal- (377),Normal,111
1.0,1.0,0.0,1.0,1.0,1.0,Normal- (402),Normal,103
1.0,1.0,0.0,1.0,1.0,1.0,Normal- (1253),Normal,78
1.0,1.0,0.0,1.0,1.0,1.0,Normal- (579),Normal,155
1.0,1.0,0.0,1.0,1.0,1.0,Normal- (4527),Normal,116
1.0,1.0,0.0,1.0,1.0,1.0,Normal- (2222),Normal,124
1.0,1.0,0.0,1.0,1.0,1.0,Normal- (3238),Normal,129
1.0,1.0,0.0,1.0,1.0,1.0,Normal- (4899),Normal,114
1.0,1.0,0.0,1.0,1.0,1.0,Normal- (4376),Normal,122
1.0,1.0,0.0,1.0,1.0,1.0,Normal- (889),Normal,134
1.0,1.0,0.0,1.0,1.0,1.0,Normal- (4322),Normal,111
1.0,1.0,0.0,1.0,1.0,1.0,Normal- (897),Normal,128
1.0,1.0,0.0,1.0,1.0,1.0,Normal- (701),Normal,97
1.0,1.0,0.0,1.0,1.0,1.0,Normal- (565),Normal,153
1.0,1.0,0.0,1.0,1.0,1.0,Normal- (4268),Normal,113
1.0,1.0,0.0,1.0,1.0,1.0,Normal- (2595),Normal,132
1.0,1.0,0.0,1.0,1.0,1.0,Normal- (3500),Normal,129
1.0,1.0,0.0,1.0,1.0,1.0,Normal- (2977),Normal,99
1.0,1.0,0.0,1.0,1.0,1.0,Normal- (2971),Normal,92
1.0,1.0,0.0,1.0,1.0,1.0,Normal- (1975),Normal,124
1.0,1.0,0.0,1.0,1.0,1.0,Normal- (4157),Normal,119
1.0,1.0,0.0,1.0,1.0,1.0,Normal- (597),Normal,152
1.0,1.0,0.0,1.0,1.0,1.0,Normal- (4870),Normal,121
1.0,1.0,0.0,1.0,1.0,1.0,Normal- (3391),Normal,136
1.0,1.0,0.0,1.0,1.0,1.0,Normal- (2608),Normal,141
1.0,1.0,0.0,1.0,1.0,1.0,Normal- (1088),Normal,145
1.0,1.0,0.0,1.0,1.0,1.0,Normal- (2563),Normal,102
1.0,1.0,0.0,1.0,1.0,1.0,Normal- (2250),Normal,107
1.0,1.0,0.0,1.0,1.0,1.0,Normal- (2291),Normal,114
1.0,1.0,0.0,1.0,1.0,1.0,Normal- (4248),Normal,105
1.0,1.0,0.0,1.0,1.0,1.0,Normal- (1314),Normal,131
1.0,1.0,0.0,1.0,1.0,1.0,Normal- (4930),Normal,146
1.0,1.0,0.0,1.0,1.0,1.0,Normal- (645),Normal,95
1.0,1.0,0.0,1.0,1.0,1.0,Normal- (461),Normal,148
1.0,1.0,0.0,1.0,1.0,1.0,Normal- (4829),Normal,119
1.0,1.0,0.0,1.0,1.0,1.0,Normal- (1645),Normal,100
1.0,1.0,0.0,1.0,1.0,1.0,Normal- (3509),Normal,113
1.0,1.0,0.0,1.0,1.0,1.0,Normal- (3528),Normal,99
1.0,1.0,0.0,1.0,1.0,1.0,Normal- (4028),Normal,126
1.0,1.0,0.0,1.0,1.0,1.0,Normal- (2444),Normal,113
1.0,1.0,0.0,1.0,1.0,1.0,Normal- (1276),Normal,125
1.0,1.0,0.0,1.0,1.0,1.0,Normal- (2706),Normal,104
1.0,1.0,0.0,1.0,1.0,1.0,Normal- (1749),Normal,136
1.0,1.0,0.0,1.0,1.0,1.0,Normal- (1328),Normal,148
1.0,1.0,0.0,1.0,1.0,1.0,Normal- (2571),Normal,131
1.0,1.0,0.0,1.0,1.0,1.0,Normal- (2930),Normal,103
1.0,1.0,0.0,1.0,1.0,1.0,Normal- (4427),Normal,128
1.0,1.0,0.0,1.0,1.0,1.0,Normal- (4499),Normal,139
1.0,1.0,0.0,1.0,1.0,1.0,Normal- (4831),Normal,118
1.0,1.0,0.0,1.0,1.0,1.0,Normal- (1853),Normal,116
1.0,1.0,0.0,1.0,1.0,1.0,Normal- (4181),Normal,114
1.0,1.0,0.0,1.0,1.0,1.0,Normal- (1015),Normal,123
1.0,1.0,0.0,1.0,1.0,1.0,Normal- (2639),Normal,148
1.0,1.0,0.0,1.0,1.0,1.0,Normal- (2164),Normal,109
1.0,1.0,0.0,1.0,1.0,1.0,Normal- (3593),Normal,111
1.0,1.0,0.0,1.0,1.0,1.0,Normal- (1195),Normal,118
1.0,1.0,0.0,1.0,1.0,1.0,Normal- (3565),Normal,106
1.0,1.0,0.0,1.0,1.0,1.0,Normal- (1393),Normal,113
1.0,1.0,0.0,1.0,1.0,1.0,Normal- (4353),Normal,129
1.0,1.0,0.0,1.0,1.0,1.0,Normal- (2846),Normal,135
1.0,1.0,0.0,1.0,1.0,1.0,Normal- (2486),Normal,131
1.0,1.0,0.0,1.0,1.0,1.0,Normal- (4332),Normal,89
1.0,1.0,0.0,1.0,1.0,1.0,Normal- (4496),Normal,122
1.0,1.0,0.0,1.0,1.0,1.0,Normal- (946),Normal,145
1.0,1.0,0.0,1.0,1.0,1.0,Normal- (792),Normal,132
1.0,1.0,0.0,1.0,1.0,1.0,Normal- (4649),Normal,109
1.0,1.0,0.0,1.0,1.0,1.0,Normal- (454),Normal,158
1.0,1.0,0.0,1.0,1.0,1.0,Normal- (1720),Normal,100
1.0,1.0,0.0,1.0,1.0,1.0,Normal- (3791),Normal,146
1.0,1.0,0.0,1.0,1.0,1.0,Normal- (3498),Normal,114
1.0,1.0,0.0,1.0,1.0,1.0,Normal- (4462),Normal,119
1.0,1.0,0.0,1.0,1.0,1.0,Normal- (227),Normal,102
1.0,1.0,0.0,1.0,1.0,1.0,Normal- (1522),Normal,112
1.0,1.0,0.0,1.0,1.0,1.0,Normal- (1181),Normal,126
1.0,1.0,0.0,1.0,1.0,1.0,Normal- (5047),Normal,84
1.0,1.0,0.0,1.0,1.0,1.0,Normal- (4178),Normal,124
1.0,1.0,0.0,1.0,1.0,1.0,Normal- (1849),Normal,99
1.0,1.0,0.0,1.0,1.0,1.0,Normal- (3088),Normal,142
1.0,1.0,0.0,1.0,1.0,1.0,Normal- (3215),Normal,138
1.0,1.0,0.0,1.0,1.0,1.0,Normal- (417),Normal,110
1.0,1.0,0.0,1.0,1.0,1.0,Normal- (3844),Normal,150
1.0,1.0,0.0,1.0,1.0,1.0,Normal- (1867),Normal,109
1.0,1.0,0.0,1.0,1.0,1.0,Normal- (1985),Normal,124
1.0,1.0,0.0,1.0,1.0,1.0,Normal- (920),Normal,139
1.0,1.0,0.0,1.0,1.0,1.0,Normal- (4986),Normal,150
1.0,1.0,0.0,1.0,1.0,1.0,Normal- (4392),Normal,125
1.0,1.0,0.0,1.0,1.0,1.0,Normal- (880),Normal,143
1.0,1.0,0.0,1.0,1.0,1.0,Normal- (1464),Normal,111
1.0,1.0,0.0,1.0,1.0,1.0,Normal- (2116),Normal,86
1.0,1.0,0.0,1.0,1.0,1.0,Normal- (4641),Normal,111
1.0,1.0,0.0,1.0,1.0,1.0,Normal- (2746),Normal,155
1.0,1.0,0.0,1.0,1.0,1.0,Normal- (160),Normal,115
1.0,1.0,0.0,1.0,1.0,1.0,Normal- (493),Normal,158
1.0,1.0,0.0,1.0,1.0,1.0,Normal- (2337),Normal,101
1.0,1.0,0.0,1.0,1.0,1.0,Normal- (918),Normal,148
0.3899,0.2422,27.4365,0.7366,0.2651,0.3899,Tumor- (61),Tumor,107
0.2897,0.1694,23.7697,0.5002,0.2039,0.2897,Tumor- (957),Tumor,117
0.1608,0.0874,83.0467,0.1058,0.3344,0.1608,Tumor- (1583),Tumor,100
0.8981,0.8151,1.5,0.98,0.8289,0.8981,Tumor- (840),Tumor,100
0.1485,0.0802,31.5,0.1283,0.1762,0.1485,Tumor- (1382),Tumor,124
0.8178,0.6918,4.4721,0.9854,0.6989,0.8178,Tumor- (845),Tumor,87
0.0614,0.0317,90.9464,0.0706,0.0543,0.0614,Tumor- (272),Tumor,75
0.1108,0.0586,55.8793,0.0951,0.1327,0.1108,Tumor- (1306),Tumor,123
0.221,0.1242,29.77,0.2228,0.2192,0.221,Tumor- (1343),Tumor,125
0.1365,0.0733,52.2805,0.0947,0.2442,0.1365,Tumor- (2196),Tumor,106
0.1516,0.082,36.4979,1.0,0.082,0.1516,Tumor- (663),Tumor,112
0.2307,0.1304,16.2173,1.0,0.1304,0.2307,Tumor- (1725),Tumor,141
0.1814,0.0998,38.513,0.1765,0.1866,0.1814,Tumor- (2182),Tumor,108
0.0374,0.019,54.2219,0.0203,0.239,0.0374,Tumor- (2116),Tumor,74
0.0251,0.0127,27.2816,0.1912,0.0134,0.0251,Tumor- (1669),Tumor,126
0.0011,0.0005,26.75,0.0048,0.0006,0.0011,Tumor- (1298),Tumor,76
0.0383,0.0195,44.0,0.0362,0.0406,0.0383,Tumor- (2257),Tumor,104
0.0221,0.0112,57.0832,0.0123,0.1094,0.0221,Tumor- (2124),Tumor,77
0.4221,0.2675,17.7031,0.8265,0.2834,0.4221,Tumor- (2215),Tumor,93
0.2893,0.1691,20.0062,0.999,0.1691,0.2893,Tumor- (1271),Tumor,100
0.0205,0.0104,31.0137,0.0404,0.0137,0.0205,Tumor- (1024),Tumor,97
0.1238,0.066,40.9207,0.0872,0.2131,0.1238,Tumor- (2208),Tumor,98
0.0133,0.0067,50.1484,0.013,0.0136,0.0133,Tumor- (356),Tumor,118
0.0,0.0,149.9282,0.0,0.0,0.0,Tumor- (1189),Tumor,114
0.1068,0.0564,35.9006,0.1514,0.0825,0.1068,Tumor- (2187),Tumor,114
0.355,0.2158,65.5076,0.3801,0.3329,0.355,Tumor- (281),Tumor,70
0.2922,0.1711,27.8608,0.5057,0.2054,0.2922,Tumor- (953),Tumor,122
0.0666,0.0344,31.249,0.0602,0.0745,0.0666,Tumor- (1423),Tumor,122
0.191,0.1056,46.8778,0.5907,0.1139,0.191,Tumor- (141),Tumor,104
0.0196,0.0099,43.6601,0.0572,0.0118,0.0196,Tumor- (305),Tumor,150
0.2112,0.1181,15.2069,1.0,0.1181,0.2112,Tumor- (1702),Tumor,117
0.8732,0.775,2.5,0.9605,0.8004,0.8732,Tumor- (846),Tumor,99
0.0649,0.0336,16.7705,0.1389,0.0424,0.0649,Tumor- (1605),Tumor,142
0.6246,0.4542,5.7009,0.6758,0.5807,0.6246,Tumor- (2235),Tumor,77
0.2065,0.1151,30.7484,0.1688,0.2659,0.2065,Tumor- (1377),Tumor,126
0.0948,0.0498,47.5651,0.9508,0.0499,0.0948,Tumor- (615),Tumor,114
0.1023,0.0539,14.7817,0.1764,0.072,0.1023,Tumor- (969),Tumor,96
0.5063,0.339,37.4628,0.6292,0.4236,0.5063,Tumor- (711),Tumor,69
0.3884,0.241,9.5059,0.8389,0.2527,0.3884,Tumor- (895),Tumor,124
0.4558,0.2952,32.2736,0.8029,0.3183,0.4558,Tumor- (74),Tumor,98
0.8842,0.7925,2.2361,0.8981,0.8708,0.8842,Tumor- (856),Tumor,95
0.1286,0.0687,21.9172,0.439,0.0753,0.1286,Tumor- (1633),Tumor,138
0.058,0.0299,71.1126,0.0322,0.2949,0.058,Tumor- (1908),Tumor,118
0.0891,0.0466,36.9121,1.0,0.0466,0.0891,Tumor- (686),Tumor,122
0.4591,0.2979,68.8789,0.4565,0.4617,0.4591,Tumor- (203),Tumor,100
0.0678,0.0351,53.7551,0.0398,0.23,0.0678,Tumor- (1476),Tumor,97
0.1464,0.079,77.006,0.1111,0.2145,0.1464,Tumor- (1868),Tumor,107
0.1618,0.088,52.7738,0.3359,0.1066,0.1618,Tumor- (1838),Tumor,106
0.7485,0.598,26.2488,0.7271,0.7711,0.7485,Tumor- (765),Tumor,96
0.1489,0.0804,42.2641,0.9897,0.0805,0.1489,Tumor- (636),Tumor,117
0.4051,0.254,64.0022,0.5582,0.3179,0.4051,Tumor- (18),Tumor,109
0.1108,0.0586,19.2957,1.0,0.0586,0.1108,Tumor- (1682),Tumor,146
0.0224,0.0113,42.9331,0.104,0.0126,0.0224,Tumor- (168),Tumor,108
0.1197,0.0637,38.6943,0.0975,0.1552,0.1197,Tumor- (1388),Tumor,118
0.0009,0.0005,48.1289,0.0005,0.0038,0.0009,Tumor- (1085),Tumor,107
0.1267,0.0676,41.0,0.2375,0.0864,0.1267,Tumor- (601),Tumor,123
0.1103,0.0584,85.0226,0.0799,0.178,0.1103,Tumor- (921),Tumor,133
0.0035,0.0017,83.5002,0.0026,0.0052,0.0035,Tumor- (1195),Tumor,113
0.0665,0.0344,50.7174,1.0,0.0344,0.0665,Tumor- (568),Tumor,126
0.0738,0.0383,12.0,0.1693,0.0472,0.0738,Tumor- (972),Tumor,95
0.201,0.1117,16.225,1.0,0.1117,0.201,Tumor- (1679),Tumor,132
0.0654,0.0338,16.8077,0.1394,0.0427,0.0654,Tumor- (970),Tumor,104
0.2198,0.1235,35.1733,0.3053,0.1717,0.2198,Tumor- (251),Tumor,110
0.0,0.0,43.9288,0.0,0.0,0.0,Tumor- (1220),Tumor,128
0.0113,0.0057,49.9625,0.0064,0.0475,0.0113,Tumor- (1089),Tumor,100
0.052,0.0267,35.5035,0.9076,0.0268,0.052,Tumor- (1745),Tumor,131
0.0439,0.0224,52.692,0.0274,0.11,0.0439,Tumor- (2140),Tumor,102
0.0262,0.0133,26.8794,0.2476,0.0138,0.0262,Tumor- (1288),Tumor,86
0.0165,0.0083,32.1442,0.5,0.0084,0.0165,Tumor- (1688),Tumor,134
0.7374,0.5841,25.5441,0.7219,0.7537,0.7374,Tumor- (782),Tumor,99
0.5146,0.3464,22.0,0.3914,0.7509,0.5146,Tumor- (1049),Tumor,106
0.1327,0.0711,31.753,0.1326,0.1328,0.1327,Tumor- (1386),Tumor,120
0.058,0.0298,65.2735,0.0479,0.0734,0.058,Tumor- (1540),Tumor,102
0.1191,0.0633,49.9625,0.9953,0.0633,0.1191,Tumor- (557),Tumor,121
0.1636,0.0891,39.2046,0.1128,0.2972,0.1636,Tumor- (1949),Tumor,121
0.6223,0.4517,21.0,0.5225,0.7692,0.6223,Tumor- (437),Tumor,132
0.0693,0.0359,50.3155,0.2505,0.0402,0.0693,Tumor- (1175),Tumor,127
0.0684,0.0354,53.2945,0.0404,0.2224,0.0684,Tumor- (1474),Tumor,93
0.0077,0.0039,57.7088,0.0291,0.0044,0.0077,Tumor- (126),Tumor,100
0.0163,0.0082,35.3504,0.0935,0.0089,0.0163,Tumor- (2075),Tumor,118
0.1745,0.0956,12.5,1.0,0.0956,0.1745,Tumor- (910),Tumor,117
0.2643,0.1522,45.3927,0.242,0.2911,0.2643,Tumor- (404),Tumor,106
0.1142,0.0605,26.2092,0.1725,0.0853,0.1142,Tumor- (2149),Tumor,122
0.1273,0.068,48.5824,0.1837,0.0974,0.1273,Tumor- (597),Tumor,121
0.0231,0.0117,36.6882,0.0595,0.0143,0.0231,Tumor- (1976),Tumor,130
0.0052,0.0026,22.7266,0.0129,0.0032,0.0052,Tumor- (1227),Tumor,114
0.1356,0.0727,50.636,0.1097,0.1777,0.1356,Tumor- (1390),Tumor,122
0.0072,0.0036,65.1316,0.0037,0.1444,0.0072,Tumor- (2278),Tumor,94
0.1856,0.1023,68.5055,0.1321,0.3119,0.1856,Tumor- (1581),Tumor,97
0.2317,0.1311,31.3911,0.2675,0.2044,0.2317,Tumor- (1364),Tumor,117
0.0106,0.0053,117.8418,0.0078,0.0164,0.0106,Tumor- (352),Tumor,131
0.3119,0.1847,19.0,0.5141,0.2238,0.3119,Tumor- (1836),Tumor,122
0.3764,0.2318,13.0,0.9668,0.2337,0.3764,Tumor- (1119),Tumor,100
0.1586,0.0861,34.5,0.1595,0.1576,0.1586,Tumor- (388),Tumor,114
0.85,0.7391,3.2016,0.9251,0.7861,0.85,Tumor- (848),Tumor,95
0.0054,0.0027,52.2015,0.6957,0.0027,0.0054,Tumor- (72),Tumor,112
0.8203,0.6953,26.5754,0.7496,0.9056,0.8203,Tumor- (809),Tumor,95
0.0057,0.0029,61.8146,0.878,0.0029,0.0057,Tumor- (91),Tumor,103
0.0,0.0,84.7591,0.0,0.0,0.0,Tumor- (2041),Tumor,125
0.0038,0.0019,63.1225,0.0032,0.0049,0.0038,Tumor- (116),Tumor,106
0.225,0.1268,44.847,0.1961,0.2639,0.225,Tumor- (413),Tumor,102
0.0,0.0,210.4311,0.0,0.0,0.0,Tumor- (1099),Tumor,95
0.0958,0.0503,65.1479,0.0815,0.1162,0.0958,Tumor- (192),Tumor,102
0.8348,0.7164,5.0249,0.9783,0.728,0.8348,Tumor- (828),Tumor,102
0.0026,0.0013,42.0071,0.02,0.0014,0.0026,Tumor- (2061),Tumor,127
0.0,0.0,135.5148,0.0,0.0,0.0,Tumor- (1168),Tumor,135
0.0573,0.0295,18.0607,0.0595,0.0553,0.0573,Tumor- (1522),Tumor,106
0.0775,0.0403,68.3944,0.0489,0.1879,0.0775,Tumor- (1931),Tumor,112
0.0146,0.0074,56.4672,0.0088,0.0423,0.0146,Tumor- (2),Tumor,67
0.2143,0.12,61.9879,0.3103,0.1637,0.2143,Tumor- (178),Tumor,118
0.6927,0.5298,12.5399,0.8944,0.5652,0.6927,Tumor- (772),Tumor,104
0.0,0.0,208.3431,0.0,0.0,0.0,Tumor- (1224),Tumor,110
0.0775,0.0403,44.2003,0.109,0.0601,0.0775,Tumor- (647),Tumor,116
0.1195,0.0635,70.3011,0.0765,0.2721,0.1195,Tumor- (1936),Tumor,117
0.368,0.2255,51.3512,0.5725,0.2711,0.368,Tumor- (62),Tumor,116
0.4866,0.3215,37.8583,0.4593,0.5173,0.4866,Tumor- (237),Tumor,125
0.146,0.0788,63.7729,0.1109,0.2138,0.146,Tumor- (1867),Tumor,101
0.8586,0.7523,7.2801,0.8786,0.8396,0.8586,Tumor- (814),Tumor,102
0.3802,0.2347,10.3078,0.7219,0.2581,0.3802,Tumor- (899),Tumor,118
0.0187,0.0095,42.2587,0.1738,0.0099,0.0187,Tumor- (482),Tumor,142
0.0005,0.0003,36.5166,0.0009,0.0004,0.0005,Tumor- (1038),Tumor,84
0.4725,0.3093,54.353,0.4611,0.4844,0.4725,Tumor- (217),Tumor,122
0.1432,0.0771,82.5404,0.1077,0.2135,0.1432,Tumor- (193),Tumor,102
0.0,0.0,208.0051,0.0,0.0,0.0,Tumor- (1231),Tumor,123
0.0355,0.0181,35.2456,0.0614,0.025,0.0355,Tumor- (316),Tumor,140
0.4311,0.2748,37.1248,0.4476,0.4157,0.4311,Tumor- (230),Tumor,113
0.1634,0.089,20.5,0.3267,0.109,0.1634,Tumor- (2158),Tumor,104
0.7677,0.623,24.6414,0.7452,0.7917,0.7677,Tumor- (759),Tumor,89
0.1915,0.1059,60.6671,0.1449,0.2822,0.1915,Tumor- (1313),Tumor,131
0.0943,0.0495,32.2013,0.8591,0.0499,0.0943,Tumor- (1797),Tumor,142
0.0365,0.0186,52.4881,0.0222,0.1018,0.0365,Tumor- (2136),Tumor,89
0.3845,0.238,30.6767,0.3933,0.3761,0.3845,Tumor- (2228),Tumor,80
0.3952,0.2463,89.2941,0.354,0.4474,0.3952,Tumor- (1061),Tumor,113
0.2621,0.1508,16.2788,1.0,0.1508,0.2621,Tumor- (1252),Tumor,109
0.1017,0.0536,56.5155,0.1042,0.0993,0.1017,Tumor- (1550),Tumor,94
0.037,0.0188,98.0,0.0366,0.0374,0.037,Tumor- (1820),Tumor,123
0.2395,0.136,63.7684,0.289,0.2044,0.2395,Tumor- (206),Tumor,116
0.2731,0.1582,23.7142,1.0,0.1582,0.2731,Tumor- (882),Tumor,121
0.1421,0.0765,48.0978,0.2055,0.1086,0.1421,Tumor- (598),Tumor,127
0.8363,0.7187,5.5,0.8895,0.7892,0.8363,Tumor- (812),Tumor,100
0.7106,0.5511,8.0839,0.8995,0.5872,0.7106,Tumor- (740),Tumor,71
0.716,0.5576,26.0,0.7294,0.703,0.716,Tumor- (784),Tumor,98
0.1018,0.0537,30.7569,1.0,0.0537,0.1018,Tumor- (1801),Tumor,137
0.1457,0.0786,23.3077,0.1365,0.1562,0.1457,Tumor- (1435),Tumor,118
0.0615,0.0317,61.994,0.0484,0.0844,0.0615,Tumor- (367),Tumor,126
0.2669,0.154,24.5204,0.2942,0.2442,0.2669,Tumor- (474),Tumor,151
0.8472,0.7348,3.5355,0.9896,0.7405,0.8472,Tumor- (827),Tumor,113
0.1599,0.0869,62.0252,0.1964,0.1349,0.1599,Tumor- (521),Tumor,122
0.1094,0.0579,41.9076,1.0,0.0579,0.1094,Tumor- (678),Tumor,118
0.4657,0.3036,28.3487,0.312,0.9183,0.4657,Tumor- (1044),Tumor,109
0.0128,0.0064,54.8566,0.0436,0.0075,0.0128,Tumor- (133),Tumor,93
0.1441,0.0776,40.1995,0.1017,0.2471,0.1441,Tumor- (1950),Tumor,121
0.1553,0.0842,54.1202,0.1035,0.3115,0.1553,Tumor- (2198),Tumor,108
0.1012,0.0533,71.0018,0.0693,0.1877,0.1012,Tumor- (1887),Tumor,138
0.0812,0.0423,28.0,0.9141,0.0425,0.0812,Tumor- (1623),Tumor,134
0.1425,0.0767,60.9243,0.1216,0.172,0.1425,Tumor- (1557),Tumor,96
0.1387,0.0745,39.0128,0.9993,0.0745,0.1387,Tumor- (641),Tumor,119
0.582,0.4104,16.3783,0.8602,0.4398,0.582,Tumor- (725),Tumor,71
0.7538,0.6048,7.5166,0.9609,0.6201,0.7538,Tumor- (750),Tumor,79
0.8749,0.7777,2.1213,0.98,0.7902,0.8749,Tumor- (844),Tumor,96
0.0927,0.0486,61.0328,0.0556,0.2785,0.0927,Tumor- (699),Tumor,73
0.0991,0.0521,38.0526,0.0972,0.1009,0.0991,Tumor- (1395),Tumor,112
0.8862,0.7956,2.5,0.9589,0.8237,0.8862,Tumor- (824),Tumor,97
0.1215,0.0647,55.1298,1.0,0.0647,0.1215,Tumor- (553),Tumor,118
0.1403,0.0755,79.2906,0.1123,0.1872,0.1403,Tumor- (927),Tumor,128
0.0748,0.0388,73.5058,0.0482,0.1666,0.0748,Tumor- (1894),Tumor,138
0.2823,0.1643,54.4052,0.2289,0.368,0.2823,Tumor- (425),Tumor,94
0.0344,0.0175,43.3618,0.563,0.0178,0.0344,Tumor- (333),Tumor,145
0.1115,0.059,76.34,0.0892,0.1487,0.1115,Tumor- (499),Tumor,128
0.004,0.002,44.5006,0.0785,0.002,0.004,Tumor- (2058),Tumor,131
0.412,0.2595,26.6615,0.4507,0.3795,0.412,Tumor- (2214),Tumor,93
0.3384,0.2036,46.2088,0.2847,0.4169,0.3384,Tumor- (409),Tumor,101
0.0,0.0,29.2395,0.0,0.0,0.0,Tumor- (3),Tumor,114
0.3091,0.1828,23.5,0.1988,0.694,0.3091,Tumor- (1060),Tumor,116
0.0996,0.0524,82.199,0.0789,0.1348,0.0996,Tumor- (190),Tumor,96
0.0046,0.0023,105.7563,0.0164,0.0026,0.0046,Tumor- (1214),Tumor,118
0.0075,0.0038,66.2636,0.0039,0.1425,0.0075,Tumor- (2276),Tumor,87
0.5452,0.3747,9.5525,0.8324,0.4053,0.5452,Tumor- (453),Tumor,133
0.2404,0.1366,72.0857,0.2843,0.2083,0.2404,Tumor- (273),Tumor,75
0.0653,0.0337,31.305,1.0,0.0337,0.0653,Tumor- (2027),Tumor,132
0.0418,0.0213,39.8546,0.0402,0.0435,0.0418,Tumor- (2138),Tumor,93
0.8306,0.7103,16.2788,0.8527,0.8097,0.8306,Tumor- (822),Tumor,93
0.6429,0.4738,23.0,0.8188,0.5293,0.6429,Tumor- (728),Tumor,69
0.0385,0.0197,115.0272,0.0197,0.9992,0.0385,Tumor- (1489),Tumor,109
0.1657,0.0903,82.9989,0.1097,0.338,0.1657,Tumor- (1584),Tumor,99
0.145,0.0782,21.7313,1.0,0.0782,0.145,Tumor- (467),Tumor,131
0.0939,0.0493,60.0,0.0635,0.1803,0.0939,Tumor- (2171),Tumor,113
0.1166,0.0619,24.3788,1.0,0.0619,0.1166,Tumor- (328),Tumor,133
0.0955,0.0502,50.6211,0.0552,0.3542,0.0955,Tumor- (1478),Tumor,105
0.2416,0.1374,48.4426,0.2043,0.2956,0.2416,Tumor- (419),Tumor,97
0.0121,0.0061,58.1227,0.0068,0.0562,0.0121,Tumor- (1074),Tumor,101
0.1792,0.0984,21.5407,0.1655,0.1955,0.1792,Tumor- (1432),Tumor,130
0.0261,0.0132,50.4777,0.0875,0.0154,0.0261,Tumor- (143),Tumor,96
0.092,0.0482,67.309,0.0551,0.2787,0.092,Tumor- (1902),Tumor,126
0.1354,0.0726,48.1555,0.0848,0.336,0.1354,Tumor- (1941),Tumor,115
0.0912,0.0478,30.5,0.0709,0.128,0.0912,Tumor- (1064),Tumor,109
0.0,0.0,214.202,0.0,0.0,0.0,Tumor- (1097),Tumor,103
0.1143,0.0606,44.0454,0.972,0.0607,0.1143,Tumor- (518),Tumor,131
0.8084,0.6784,18.5179,0.8184,0.7986,0.8084,Tumor- (794),Tumor,92
0.1482,0.08,73.3279,0.1361,0.1626,0.1482,Tumor- (507),Tumor,128
0.0644,0.0333,32.5346,1.0,0.0333,0.0644,Tumor- (1802),Tumor,127
0.0469,0.024,125.266,0.0241,0.8775,0.0469,Tumor- (1469),Tumor,82
0.0,0.0,131.5941,0.0,0.0,0.0,Tumor- (1041),Tumor,96
0.4206,0.2663,46.5345,0.6371,0.3139,0.4206,Tumor- (67),Tumor,113
0.0,0.0,132.0,0.0,0.0,0.0,Tumor- (991),Tumor,97
0.0454,0.0232,122.5815,0.0234,0.7814,0.0454,Tumor- (1499),Tumor,93
0.0216,0.0109,31.9453,0.6986,0.011,0.0216,Tumor- (1655),Tumor,140
0.0538,0.0276,87.7069,0.0422,0.0741,0.0538,Tumor- (197),Tumor,106
0.0242,0.0122,55.6965,0.0175,0.0391,0.0242,Tumor- (344),Tumor,120
0.1674,0.0913,34.9803,0.1877,0.1511,0.1674,Tumor- (1847),Tumor,109
0.0981,0.0516,41.7007,0.1684,0.0692,0.0981,Tumor- (589),Tumor,121
0.1727,0.0945,27.7714,0.2448,0.1334,0.1727,Tumor- (936),Tumor,129
0.031,0.0157,55.2743,0.0218,0.0534,0.031,Tumor- (2143),Tumor,123
0.2367,0.1343,32.8672,0.2464,0.2278,0.2367,Tumor- (1360),Tumor,126
0.0296,0.015,42.6938,0.0202,0.0552,0.0296,Tumor- (2246),Tumor,111
0.1914,0.1058,79.5063,0.1313,0.353,0.1914,Tumor- (1578),Tumor,106
0.1982,0.11,12.0416,1.0,0.11,0.1982,Tumor- (1653),Tumor,134
0.0508,0.0261,123.2104,0.0263,0.7753,0.0508,Tumor- (1496),Tumor,100
0.8885,0.7994,1.5811,0.9352,0.8463,0.8885,Tumor- (858),Tumor,98
0.1849,0.1019,34.5,0.1919,0.1785,0.1849,Tumor- (395),Tumor,110
0.0968,0.0509,66.5451,0.059,0.2686,0.0968,Tumor- (1899),Tumor,133
0.8174,0.6912,26.5,0.738,0.9159,0.8174,Tumor- (808),Tumor,95
0.8138,0.686,20.1556,0.8231,0.8047,0.8138,Tumor- (821),Tumor,111
0.0006,0.0003,30.0988,0.0025,0.0003,0.0006,Tumor- (986),Tumor,101
0.0203,0.0102,53.4411,0.0653,0.012,0.0203,Tumor- (138),Tumor,99
0.1158,0.0615,54.7807,0.0891,0.1656,0.1158,Tumor- (2184),Tumor,120
0.0802,0.0418,45.6081,1.0,0.0418,0.0802,Tumor- (609),Tumor,127
0.0107,0.0054,33.989,0.0244,0.0068,0.0107,Tumor- (1014),Tumor,97
0.0796,0.0414,119.2186,0.0415,0.9506,0.0796,Tumor- (1492),Tumor,101
0.0539,0.0277,21.0989,1.0,0.0277,0.0539,Tumor- (2108),Tumor,113
0.0731,0.0379,47.4605,1.0,0.0379,0.0731,Tumor- (608),Tumor,122
0.6835,0.5192,14.7139,0.6801,0.687,0.6835,Tumor- (436),Tumor,133
0.0,0.0,129.8412,0.0,0.0,0.0,Tumor- (984),Tumor,95
0.3258,0.1946,21.0006,0.2006,0.8669,0.3258,Tumor- (1059),Tumor,104
0.0892,0.0467,71.5891,0.0649,0.1428,0.0892,Tumor- (378),Tumor,105
0.89,0.8018,1.8028,0.9811,0.8144,0.89,Tumor- (839),Tumor,98
0.1843,0.1015,33.0174,0.1498,0.2392,0.1843,Tumor- (1379),Tumor,123
0.0968,0.0509,36.0,0.0679,0.1687,0.0968,Tumor- (433),Tumor,129
0.0302,0.0153,64.8828,0.02,0.0612,0.0302,Tumor- (1875),Tumor,149
0.0333,0.0169,60.0,0.0194,0.1194,0.0333,Tumor- (2130),Tumor,88
0.1254,0.0669,23.1999,1.0,0.0669,0.1254,Tumor- (1616),Tumor,139
0.0148,0.0074,35.5985,1.0,0.0074,0.0148,Tumor- (2051),Tumor,138
0.0062,0.0031,63.7566,0.0051,0.0079,0.0062,Tumor- (115),Tumor,98
0.1437,0.0774,24.3516,0.9926,0.0775,0.1437,Tumor- (1815),Tumor,132
0.08,0.0417,33.5037,0.9603,0.0417,0.08,Tumor- (1800),Tumor,139
0.0608,0.0314,26.3865,0.3447,0.0334,0.0608,Tumor- (20),Tumor,103
0.2681,0.1548,20.0,0.9912,0.155,0.2681,Tumor- (1267),Tumor,110
0.1884,0.104,13.2853,1.0,0.104,0.1884,Tumor- (1635),Tumor,134
0.3452,0.2086,10.5119,1.0,0.2086,0.3452,Tumor- (1259),Tumor,110
0.0601,0.031,32.1436,0.5319,0.0318,0.0601,Tumor- (1755),Tumor,127
0.3571,0.2174,25.9856,0.3611,0.3532,0.3571,Tumor- (457),Tumor,115
0.2194,0.1232,32.6498,0.2254,0.2137,0.2194,Tumor- (397),Tumor,108
0.0845,0.0441,55.0311,0.0495,0.2898,0.0845,Tumor- (1473),Tumor,102
0.1898,0.1049,39.0583,0.1874,0.1923,0.1898,Tumor- (402),Tumor,98
0.1198,0.0637,19.799,0.1875,0.088,0.1198,Tumor- (336),Tumor,146
0.1323,0.0708,30.0683,0.9968,0.0709,0.1323,Tumor- (687),Tumor,120
0.0079,0.004,60.0374,0.0041,0.1258,0.0079,Tumor- (2279),Tumor,89
0.0,0.0,133.5872,0.0,0.0,0.0,Tumor- (987),Tumor,103
0.0212,0.0107,56.0201,0.0134,0.0503,0.0212,Tumor- (2254),Tumor,105
0.0891,0.0466,13.0384,0.2013,0.0572,0.0891,Tumor- (183),Tumor,118
0.0113,0.0057,42.4182,0.1547,0.0059,0.0113,Tumor- (483),Tumor,154
0.0009,0.0004,87.556,0.0007,0.0011,0.0009,Tumor- (1206),Tumor,112
0.0047,0.0024,59.1247,0.0199,0.0027,0.0047,Tumor- (112),Tumor,104
0.026,0.0132,29.4109,0.0589,0.0167,0.026,Tumor- (1020),Tumor,93
0.6207,0.4501,13.2004,0.809,0.5036,0.6207,Tumor- (733),Tumor,74
0.1084,0.0573,19.3022,0.4211,0.0622,0.1084,Tumor- (1610),Tumor,138
0.1424,0.0767,25.2982,0.9888,0.0767,0.1424,Tumor- (334),Tumor,141
0.2034,0.1132,37.5832,0.1328,0.4334,0.2034,Tumor- (188),Tumor,101
0.0458,0.0234,50.9166,0.1618,0.0267,0.0458,Tumor- (1171),Tumor,130
0.155,0.084,42.1723,0.1207,0.2167,0.155,Tumor- (1389),Tumor,121
0.0713,0.037,37.5999,0.9336,0.0371,0.0713,Tumor- (1461),Tumor,144
0.0218,0.011,24.4182,0.0883,0.0124,0.0218,Tumor- (2111),Tumor,118
0.1225,0.0652,67.0671,0.1468,0.1051,0.1225,Tumor- (531),Tumor,133
0.0,0.0,128.3394,0.0,0.0,0.0,Tumor- (998),Tumor,92
0.2964,0.174,14.5705,1.0,0.174,0.2964,Tumor- (1113),Tumor,105
0.255,0.1461,41.1913,0.2375,0.2752,0.255,Tumor- (1328),Tumor,132
0.0,0.0,96.5757,0.0,0.0,0.0,Tumor- (1208),Tumor,114
0.0935,0.049,47.5946,0.0544,0.3305,0.0935,Tumor- (2237),Tumor,122
0.0,0.0,96.4531,0.0,0.0,0.0,Tumor- (5),Tumor,109
0.1056,0.0558,62.2676,0.0598,0.4545,0.1056,Tumor- (1948),Tumor,114
0.0175,0.0088,26.0036,0.0193,0.016,0.0175,Tumor- (23),Tumor,110
0.1443,0.0778,44.2295,0.1913,0.1158,0.1443,Tumor- (629),Tumor,123
0.0877,0.0459,17.8686,0.0879,0.0875,0.0877,Tumor- (1521),Tumor,109
0.0,0.0,135.4474,0.0,0.0,0.0,Tumor- (1164),Tumor,129
0.0389,0.0198,127.8867,0.0199,0.8676,0.0389,Tumor- (1475),Tumor,95
0.0035,0.0017,123.3742,0.0018,0.2232,0.0035,Tumor- (2283),Tumor,100
0.1398,0.0751,57.0232,0.0908,0.3029,0.1398,Tumor- (2200),Tumor,99
0.0481,0.0246,29.6104,0.8944,0.0247,0.0481,Tumor- (1275),Tumor,95
0.003,0.0015,118.8409,0.0018,0.0102,0.003,Tumor- (353),Tumor,121
0.067,0.0346,71.8444,0.0366,0.3888,0.067,Tumor- (2118),Tumor,81
0.7675,0.6227,8.5,0.8983,0.6699,0.7675,Tumor- (747),Tumor,83
0.1618,0.088,70.8775,0.1583,0.1655,0.1618,Tumor- (522),Tumor,130
0.0475,0.0243,35.7946,0.6875,0.0246,0.0475,Tumor- (1747),Tumor,142
0.0377,0.0192,116.2207,0.0192,0.996,0.0377,Tumor- (1488),Tumor,109
0.0546,0.0281,39.0,0.6959,0.0284,0.0546,Tumor- (1159),Tumor,124
0.1655,0.0902,21.5517,1.0,0.0902,0.1655,Tumor- (1726),Tumor,136
0.0777,0.0404,17.4642,1.0,0.0404,0.0777,Tumor- (2010),Tumor,134
0.0045,0.0023,34.3293,0.0493,0.0024,0.0045,Tumor- (1705),Tumor,117
0.1104,0.0584,76.2375,0.0913,0.1397,0.1104,Tumor- (502),Tumor,129
0.2898,0.1694,49.0,0.2436,0.3576,0.2898,Tumor- (1368),Tumor,121
0.0493,0.0252,124.0621,0.0254,0.8391,0.0493,Tumor- (1498),Tumor,100
0.0829,0.0432,57.5064,0.0766,0.0904,0.0829,Tumor- (1548),Tumor,97
0.8232,0.6995,4.3012,0.9796,0.7099,0.8232,Tumor- (813),Tumor,102
0.2522,0.1443,39.6406,0.2347,0.2727,0.2522,Tumor- (1329),Tumor,123
0.0615,0.0318,23.6183,0.2943,0.0344,0.0615,Tumor- (915),Tumor,117
0.0156,0.0079,34.1248,0.2375,0.0081,0.0156,Tumor- (1707),Tumor,120
0.8525,0.7429,10.0,0.864,0.8413,0.8525,Tumor- (816),Tumor,92
0.0338,0.0172,29.7735,0.0464,0.0266,0.0338,Tumor- (492),Tumor,147
0.1372,0.0736,22.5,1.0,0.0736,0.1372,Tumor- (1736),Tumor,146
0.2741,0.1588,46.5599,0.2366,0.3257,0.2741,Tumor- (1366),Tumor,122
0.1454,0.0784,32.3149,0.224,0.1077,0.1454,Tumor- (289),Tumor,82
0.0946,0.0496,77.0678,0.0917,0.0976,0.0946,Tumor- (201),Tumor,102
0.1746,0.0957,34.176,1.0,0.0957,0.1746,Tumor- (662),Tumor,122
0.0123,0.0062,34.0037,0.0223,0.0085,0.0123,Tumor- (41),Tumor,105
0.0613,0.0316,116.5526,0.0404,0.1274,0.0613,Tumor- (300),Tumor,65
0.135,0.0724,82.6025,0.0894,0.2758,0.135,Tumor- (195),Tumor,108
0.0714,0.037,29.6015,0.067,0.0765,0.0714,Tumor- (1422),Tumor,125
0.0184,0.0093,42.044,0.1032,0.0101,0.0184,Tumor- (1155),Tumor,134
0.2206,0.1239,14.0801,1.0,0.1239,0.2206,Tumor- (1659),Tumor,131
0.2438,0.1388,16.1245,0.8012,0.1438,0.2438,Tumor- (1106),Tumor,108
0.6999,0.5383,24.8244,0.7226,0.6785,0.6999,Tumor- (774),Tumor,99
0.0183,0.0092,56.7274,0.0097,0.1662,0.0183,Tumor- (2270),Tumor,91
0.1814,0.0997,80.9654,0.1229,0.3457,0.1814,Tumor- (196),Tumor,107
0.0513,0.0263,61.0,0.0297,0.1873,0.0513,Tumor- (2142),Tumor,116
0.0383,0.0195,51.5,0.0352,0.042,0.0383,Tumor- (1856),Tumor,125
0.0194,0.0098,46.4866,0.0436,0.0125,0.0194,Tumor- (360),Tumor,121
0.2192,0.1231,17.5,1.0,0.1231,0.2192,Tumor- (1246),Tumor,105
0.1511,0.0817,85.3426,0.1014,0.2966,0.1511,Tumor- (1585),Tumor,100
0.0521,0.0267,131.5314,0.0355,0.0976,0.0521,Tumor- (1506),Tumor,109
0.8024,0.67,16.1245,0.7545,0.8567,0.8024,Tumor- (860),Tumor,98
0.1235,0.0658,15.6089,0.2292,0.0845,0.1235,Tumor- (1603),Tumor,135
0.1308,0.07,41.3757,0.1223,0.1405,0.1308,Tumor- (380),Tumor,120
0.0506,0.0259,22.0511,1.0,0.0259,0.0506,Tumor- (2107),Tumor,112
0.5444,0.374,50.3257,0.5957,0.5012,0.5444,Tumor- (216),Tumor,121
0.0898,0.047,23.0217,0.3735,0.051,0.0898,Tumor- (1629),Tumor,141
0.1826,0.1005,78.1557,0.1514,0.2302,0.1826,Tumor- (930),Tumor,119
0.0811,0.0423,19.4487,1.0,0.0423,0.0811,Tumor- (1876),Tumor,145
0.0202,0.0102,49.1911,0.087,0.0114,0.0202,Tumor- (153),Tumor,106
0.1399,0.0752,61.38,0.1207,0.1663,0.1399,Tumor- (1555),Tumor,96
0.0,0.0,58.5085,0.0,0.0,0.0,Tumor- (1145),Tumor,150
0.0861,0.045,22.1923,0.5275,0.0469,0.0861,Tumor- (1622),Tumor,124
0.0874,0.0457,48.7571,1.0,0.0457,0.0874,Tumor- (562),Tumor,124
0.0648,0.0335,78.4328,0.0361,0.3159,0.0648,Tumor- (1503),Tumor,96
0.0481,0.0246,107.1256,0.0327,0.0905,0.0481,Tumor- (301),Tumor,65
0.1343,0.072,31.8473,0.2177,0.0971,0.1343,Tumor- (2206),Tumor,102
0.472,0.3089,19.8116,0.6839,0.3603,0.472,Tumor- (45),Tumor,117
0.1644,0.0896,30.6562,0.2419,0.1245,0.1644,Tumor- (283),Tumor,74
0.0003,0.0001,42.5,0.0119,0.0001,0.0003,Tumor- (2059),Tumor,122
0.0366,0.0186,26.8794,0.1318,0.0213,0.0366,Tumor- (1646),Tumor,130
0.1123,0.0595,47.7347,1.0,0.0595,0.1123,Tumor- (605),Tumor,126
0.0803,0.0418,65.2754,0.0702,0.0939,0.0803,Tumor- (1535),Tumor,95
0.0017,0.0009,101.7303,1.0,0.0009,0.0017,Tumor- (1205),Tumor,109
0.4071,0.2556,32.8898,0.628,0.3012,0.4071,Tumor- (243),Tumor,133
0.2692,0.1555,29.7532,0.2482,0.294,0.2692,Tumor- (1415),Tumor,129
0.0098,0.0049,36.1006,1.0,0.0049,0.0098,Tumor- (2052),Tumor,130
0.2318,0.1311,30.7002,0.2131,0.2541,0.2318,Tumor- (1416),Tumor,128
0.1198,0.0637,47.9401,1.0,0.0637,0.1198,Tumor- (533),Tumor,130
0.0171,0.0086,27.0823,0.0756,0.0096,0.0171,Tumor- (1290),Tumor,81
0.0898,0.047,31.1207,1.0,0.047,0.0898,Tumor- (693),Tumor,123
0.0695,0.036,30.5655,0.1637,0.0441,0.0695,Tumor- (1457),Tumor,151
0.065,0.0336,64.5,0.035,0.4531,0.065,Tumor- (2121),Tumor,76
0.247,0.1409,84.1704,0.2273,0.2704,0.247,Tumor- (14),Tumor,106
0.1643,0.0895,26.4894,1.0,0.0895,0.1643,Tumor- (1266),Tumor,95
0.1002,0.0528,33.2415,1.0,0.0528,0.1002,Tumor- (667),Tumor,118
0.0051,0.0025,81.9268,0.0033,0.0115,0.0051,Tumor- (1213),Tumor,117
0.0004,0.0002,49.2098,0.0002,0.0018,0.0004,Tumor- (1088),Tumor,93
0.1919,0.1061,29.8362,0.6788,0.1117,0.1919,Tumor- (75),Tumor,103
0.0,0.0,198.2727,0.0,0.0,0.0,Tumor- (1251),Tumor,111
0.1957,0.1085,61.3453,0.152,0.2746,0.1957,Tumor- (1317),Tumor,119
0.0872,0.0456,24.2773,0.8155,0.0461,0.0872,Tumor- (1456),Tumor,149
0.0128,0.0064,35.3871,1.0,0.0064,0.0128,Tumor- (2054),Tumor,139
0.1296,0.0693,19.4487,0.4671,0.0753,0.1296,Tumor- (1601),Tumor,138
0.1095,0.0579,89.8086,0.0691,0.2632,0.1095,Tumor- (199),Tumor,93
0.5784,0.4069,23.927,0.795,0.4546,0.5784,Tumor- (724),Tumor,73
0.2498,0.1427,29.3002,0.2307,0.2723,0.2498,Tumor- (1371),Tumor,122
0.055,0.0283,33.4552,0.6436,0.0287,0.055,Tumor- (1774),Tumor,132
0.0122,0.0061,51.733,0.0572,0.0068,0.0122,Tumor- (111),Tumor,112
0.5514,0.3807,19.297,0.9097,0.3956,0.5514,Tumor- (712),Tumor,71
0.0,0.0,134.0009,0.0,0.0,0.0,Tumor- (1165),Tumor,136
0.0848,0.0443,33.8967,0.1201,0.0655,0.0848,Tumor- (1853),Tumor,115
0.1883,0.1039,35.5141,0.1913,0.1854,0.1883,Tumor- (396),Tumor,115
0.2001,0.1112,69.3704,0.1501,0.3003,0.2001,Tumor- (1572),Tumor,95
0.0837,0.0437,39.8529,0.0652,0.1169,0.0837,Tumor- (1429),Tumor,128
0.1285,0.0687,59.1494,0.1147,0.1461,0.1285,Tumor- (1554),Tumor,100
0.2033,0.1132,21.9078,0.1269,0.512,0.2033,Tumor- (1057),Tumor,109
0.0112,0.0056,41.0,0.0837,0.006,0.0112,Tumor- (2069),Tumor,124
0.248,0.1415,24.0,0.2812,0.2218,0.248,Tumor- (1316),Tumor,128
0.0054,0.0027,37.8319,0.0134,0.0034,0.0054,Tumor- (1975),Tumor,134
0.0818,0.0427,50.3115,0.9522,0.0428,0.0818,Tumor- (619),Tumor,129
0.0523,0.0268,93.5,0.0425,0.0678,0.0523,Tumor- (304),Tumor,67
0.7426,0.5906,28.7835,0.6998,0.791,0.7426,Tumor- (751),Tumor,82
0.088,0.046,27.5409,1.0,0.046,0.088,Tumor- (2000),Tumor,138
0.0,0.0,133.3022,0.0,0.0,0.0,Tumor- (1042),Tumor,99
0.6848,0.5206,21.1483,0.8023,0.5972,0.6848,Tumor- (732),Tumor,67
0.0187,0.0094,34.3001,0.0353,0.0127,0.0187,Tumor- (42),Tumor,110
0.1427,0.0769,22.102,1.0,0.0769,0.1427,Tumor- (1727),Tumor,133
0.3156,0.1874,26.4008,0.3148,0.3165,0.3156,Tumor- (473),Tumor,148
0.0045,0.0023,83.9673,0.0034,0.007,0.0045,Tumor- (1196),Tumor,115
0.4054,0.2542,50.1423,0.5718,0.314,0.4054,Tumor- (90),Tumor,101
0.0096,0.0048,31.6246,0.215,0.0049,0.0096,Tumor- (1687),Tumor,136
0.0,0.0,132.0237,0.0,0.0,0.0,Tumor- (1019),Tumor,95
0.048,0.0246,35.5009,0.5033,0.0252,0.048,Tumor- (1753),Tumor,133
0.0116,0.0058,58.5863,0.1535,0.006,0.0116,Tumor- (119),Tumor,109
0.2016,0.1121,52.5451,0.1583,0.2775,0.2016,Tumor- (2175),Tumor,104
0.1151,0.061,23.8537,0.1076,0.1237,0.1151,Tumor- (1436),Tumor,122
0.1013,0.0533,57.3733,0.0554,0.5836,0.1013,Tumor- (1938),Tumor,123
0.839,0.7226,14.7139,0.833,0.8451,0.839,Tumor- (819),Tumor,99
0.0248,0.0125,116.6888,0.0152,0.0668,0.0248,Tumor- (302),Tumor,67
0.1978,0.1098,11.4018,1.0,0.1098,0.1978,Tumor- (909),Tumor,116
0.0419,0.0214,60.4152,0.0218,0.5366,0.0419,Tumor- (2263),Tumor,91
0.129,0.0689,64.8808,0.1488,0.1138,0.129,Tumor- (538),Tumor,136
0.1608,0.0874,26.5747,0.1536,0.1687,0.1608,Tumor- (1393),Tumor,117
0.0565,0.0291,40.7707,1.0,0.0291,0.0565,Tumor- (2019),Tumor,135
0.0,0.0,147.4322,0.0,0.0,0.0,Tumor- (977),Tumor,97
0.1567,0.085,11.0114,1.0,0.085,0.1567,Tumor- (916),Tumor,116
0.1667,0.0909,37.1648,0.1789,0.1561,0.1667,Tumor- (389),Tumor,113
0.2229,0.1254,36.0,0.1953,0.2596,0.2229,Tumor- (1322),Tumor,128
0.7265,0.5704,10.0125,0.8466,0.6362,0.7265,Tumor- (739),Tumor,74
0.2306,0.1303,22.4722,0.2576,0.2087,0.2306,Tumor- (1314),Tumor,127
0.1873,0.1033,32.7139,0.8417,0.1054,0.1873,Tumor- (70),Tumor,109
0.1042,0.055,43.4902,0.9966,0.055,0.1042,Tumor- (677),Tumor,114
0.0003,0.0001,45.0679,0.0006,0.0002,0.0003,Tumor- (1188),Tumor,124
0.099,0.0521,41.9869,0.0677,0.1845,0.099,Tumor- (1960),Tumor,128
0.1958,0.1085,79.1202,0.1367,0.3453,0.1958,Tumor- (1577),Tumor,92
0.2409,0.137,20.1556,0.9663,0.1376,0.2409,Tumor- (1268),Tumor,92
0.2894,0.1692,19.5,1.0,0.1692,0.2894,Tumor- (1274),Tumor,88
0.0442,0.0226,32.5607,0.4142,0.0233,0.0442,Tumor- (1769),Tumor,145
0.0742,0.0385,30.5,0.5526,0.0398,0.0742,Tumor- (1734),Tumor,147
0.1231,0.0656,32.5142,1.0,0.0656,0.1231,Tumor- (459),Tumor,132
0.2557,0.1466,18.5169,0.6387,0.1599,0.2557,Tumor- (1104),Tumor,98
0.002,0.001,83.6804,0.0015,0.0031,0.002,Tumor- (1197),Tumor,118
0.09,0.0471,56.4469,1.0,0.0471,0.09,Tumor- (580),Tumor,124
0.1484,0.0801,36.0,0.2457,0.1063,0.1484,Tumor- (2151),Tumor,125
0.8372,0.7199,18.5,0.8304,0.844,0.8372,Tumor- (862),Tumor,111
0.014,0.007,86.8332,0.0125,0.0159,0.014,Tumor- (1211),Tumor,119
0.007,0.0035,28.3699,0.0796,0.0036,0.007,Tumor- (1971),Tumor,142
0.0408,0.0208,58.9952,0.0215,0.4143,0.0408,Tumor- (2264),Tumor,88
0.185,0.1019,14.8408,1.0,0.1019,0.185,Tumor- (1661),Tumor,132
0.3985,0.2488,62.155,0.3102,0.5571,0.3985,Tumor- (250),Tumor,115
0.4138,0.2608,53.6773,0.2686,0.9006,0.4138,Tumor- (706),Tumor,67
0.1084,0.0573,29.3917,0.7432,0.0585,0.1084,Tumor- (1809),Tumor,135
0.1943,0.1076,17.9234,0.9192,0.1086,0.1943,Tumor- (1666),Tumor,131
0.2784,0.1617,49.1452,0.2279,0.3576,0.2784,Tumor- (417),Tumor,106
0.0609,0.0314,47.5646,0.0366,0.1825,0.0609,Tumor- (1963),Tumor,122
0.7961,0.6613,5.4083,0.9597,0.6801,0.7961,Tumor- (804),Tumor,94
0.2733,0.1583,41.6875,0.7578,0.1667,0.2733,Tumor- (101),Tumor,102
0.2248,0.1266,33.8705,0.1964,0.2628,0.2248,Tumor- (1323),Tumor,126
0.8871,0.797,2.2361,0.9627,0.8224,0.8871,Tumor- (838),Tumor,106
0.2476,0.1413,16.5023,1.0,0.1413,0.2476,Tumor- (1265),Tumor,104
0.2392,0.1358,26.163,0.2948,0.2012,0.2392,Tumor- (934),Tumor,137
0.1792,0.0984,26.0984,0.2656,0.1352,0.1792,Tumor- (2153),Tumor,115
0.2327,0.1317,30.7937,0.2202,0.2467,0.2327,Tumor- (1413),Tumor,127
0.2748,0.1593,45.52,0.2441,0.3143,0.2748,Tumor- (1367),Tumor,125
0.0004,0.0002,85.0156,0.0003,0.0009,0.0004,Tumor- (2043),Tumor,127
0.1139,0.0604,39.246,0.7215,0.0618,0.1139,Tumor- (676),Tumor,116
0.0601,0.031,41.0,0.048,0.0803,0.0601,Tumor- (1430),Tumor,127
0.2426,0.138,29.5296,0.2672,0.2222,0.2426,Tumor- (1347),Tumor,122
0.7361,0.5824,1.0,0.848,0.6503,0.7361,Stone- (252),Stone,109
0.0032,0.0016,73.2462,0.0016,1.0,0.0032,Stone- (240),Stone,129
0.0093,0.0047,30.9919,0.005,0.0605,0.0093,Stone- (370),Stone,147
0.0335,0.017,11.1018,0.8889,0.0171,0.0335,Stone- (636),Stone,151
0.0,0.0,101.1053,0.0,0.0,0.0,Stone- (401),Stone,145
0.0753,0.0391,53.1342,0.0393,0.9083,0.0753,Stone- (855),Stone,135
0.0081,0.0041,66.839,0.0041,1.0,0.0081,Stone- (603),Stone,100
0.0033,0.0016,44.7493,0.0016,0.1429,0.0033,Stone- (1156),Stone,118
0.0,0.0,53.2531,0.0,0.0,0.0,Stone- (272),Stone,114
0.6419,0.4726,22.8035,0.5979,0.6929,0.6419,Stone- (482),Stone,150
0.0,0.0,5.716,0.0,0.0,0.0,Stone- (1214),Stone,118
0.0045,0.0022,94.8354,0.0023,0.228,0.0045,Stone- (1297),Stone,89
0.0,0.0,140.3548,0.0,0.0,0.0,Stone- (500),Stone,149
0.0053,0.0027,42.2096,0.0027,1.0,0.0053,Stone- (934),Stone,96
0.1279,0.0683,18.148,0.9286,0.0687,0.1279,Stone- (1067),Stone,140
0.8375,0.7204,1.0,0.9154,0.7718,0.8375,Stone- (485),Stone,151
0.0,0.0,134.1436,0.0,0.0,0.0,Stone- (911),Stone,98
0.0,0.0,14.5398,0.0,0.0,0.0,Stone- (280),Stone,124
0.0127,0.0064,85.2116,0.0065,0.4391,0.0127,Stone- (1289),Stone,116
0.0019,0.0009,82.3559,0.0009,1.0,0.0019,Stone- (161),Stone,134
0.0042,0.0021,71.7922,0.0021,0.4296,0.0042,Stone- (1233),Stone,127
0.0013,0.0006,101.8661,0.0006,0.8684,0.0013,Stone- (146),Stone,124
0.0,0.0,143.2831,0.0,0.0,0.0,Stone- (428),Stone,115
0.0,0.0,193.0673,0.0,0.0,0.0,Stone- (1164),Stone,116
0.0,0.0,115.1838,0.0,0.0,0.0,Stone- (1227),Stone,109
0.0,0.0,191.1441,0.0,0.0,0.0,Stone- (973),Stone,121
0.0109,0.0055,51.5,0.0055,0.4,0.0109,Stone- (607),Stone,105
0.0,0.0,123.1787,0.0,0.0,0.0,Stone- (1057),Stone,146
0.0029,0.0015,151.758,0.0015,0.5223,0.0029,Stone- (532),Stone,88
0.0,0.0,18.8232,0.0,0.0,0.0,Stone- (1037),Stone,131
0.0488,0.025,8.9296,1.0,0.025,0.0488,Stone- (650),Stone,153
0.0001,0.0,178.4552,0.0,0.0142,0.0001,Stone- (79),Stone,140
0.0,0.0,81.8877,0.0,0.0,0.0,Stone- (50),Stone,149
0.0,0.0,112.0093,0.0,0.0,0.0,Stone- (1208),Stone,111
0.0065,0.0032,95.0128,0.0033,0.5144,0.0065,Stone- (1342),Stone,124
0.0018,0.0009,71.0018,0.0009,0.931,0.0018,Stone- (234),Stone,122
0.1303,0.0697,14.3648,0.92,0.0701,0.1303,Stone- (1059),Stone,140
0.0084,0.0042,83.0437,0.0043,0.4867,0.0084,Stone- (1316),Stone,126
0.0,0.0,144.5158,0.0,0.0,0.0,Stone- (399),Stone,138
0.0,0.0,114.6562,0.0,0.0,0.0,Stone- (256),Stone,105
0.003,0.0015,130.8514,0.0015,0.6471,0.003,Stone- (605),Stone,106
0.0023,0.0012,49.8523,0.0012,1.0,0.0023,Stone- (986),Stone,94
0.0,0.0,171.0007,0.0,0.0,0.0,Stone- (37),Stone,149
0.0,0.0,113.9294,0.0,0.0,0.0,Stone- (1218),Stone,116
0.0,0.0,91.4272,0.0,0.0,0.0,Stone- (1042),Stone,130
0.0,0.0,181.0414,0.0,0.0,0.0,Stone- (368),Stone,152
0.0,0.0,113.0011,0.0,0.0,0.0,Stone- (1206),Stone,111
0.0049,0.0024,81.4458,0.0024,0.8493,0.0049,Stone- (762),Stone,105
0.1162,0.0617,33.5233,0.0683,0.3878,0.1162,Stone- (491),Stone,150
0.0,0.0,60.9091,0.0,0.0,0.0,Stone- (284),Stone,132
0.0006,0.0003,41.6374,0.0003,0.0274,0.0006,Stone- (839),Stone,117
0.0,0.0,132.854,0.0,0.0,0.0,Stone- (439),Stone,131
0.0,0.0,121.2802,0.0,0.0,0.0,Stone- (743),Stone,111
0.0,0.0,178.7667,0.0,0.0,0.0,Stone- (688),Stone,149
0.0037,0.0018,147.5489,0.0018,0.5195,0.0037,Stone- (1237),Stone,128
0.0195,0.0098,168.5814,0.0099,0.6232,0.0195,Stone- (1101),Stone,107
0.0,0.0,108.9776,0.0,0.0,0.0,Stone- (385),Stone,136
0.0092,0.0046,51.1981,0.0046,1.0,0.0092,Stone- (609),Stone,108
0.0,0.0,378.3685,0.0,0.0,0.0,Stone- (81),Stone,146
0.0,0.0,146.8811,0.0,0.0,0.0,Stone- (1377),Stone,126
0.0503,0.0258,37.0473,0.0264,0.5086,0.0503,Stone- (570),Stone,150
0.0,0.0,55.2408,0.0,0.0,0.0,Stone- (1044),Stone,135
0.6912,0.5282,12.7283,0.9693,0.5372,0.6912,Stone- (300),Stone,148
0.0522,0.0268,156.5214,0.0275,0.5051,0.0522,Stone- (703),Stone,122
0.0,0.0,123.8071,0.0,0.0,0.0,Stone- (640),Stone,141
0.0304,0.0155,75.3319,0.016,0.2996,0.0304,Stone- (1271),Stone,114
0.0,0.0,127.024,0.0,0.0,0.0,Stone- (1027),Stone,120
0.0,0.0,113.2476,0.0,0.0,0.0,Stone- (517),Stone,133
0.0,0.0,120.152,0.0,0.0,0.0,Stone- (722),Stone,103
0.0,0.0,126.501,0.0,0.0,0.0,Stone- (1186),Stone,111
0.0,0.0,173.9294,0.0,0.0,0.0,Stone- (1331),Stone,111
0.0,0.0,134.2805,0.0,0.0,0.0,Stone- (456),Stone,111
0.0151,0.0076,91.5563,0.0076,1.0,0.0151,Stone- (580),Stone,93
0.0,0.0,89.2202,0.0,0.0,0.0,Stone- (1325),Stone,129
0.0,0.0,178.6465,0.0,0.0,0.0,Stone- (686),Stone,150
0.0005,0.0003,38.6452,0.0003,0.0045,0.0005,Stone- (357),Stone,158
0.0,0.0,123.9096,0.0,0.0,0.0,Stone- (1069),Stone,135
0.0052,0.0026,111.9565,0.0026,0.4331,0.0052,Stone- (1259),Stone,112
0.0,0.0,128.9893,0.0,0.0,0.0,Stone- (729),Stone,78
0.0036,0.0018,91.5003,0.0018,0.0794,0.0036,Stone- (96),Stone,120
0.0392,0.02,33.8582,0.0207,0.367,0.0392,Stone- (1372),Stone,134
0.0014,0.0007,52.5595,0.0007,0.0183,0.0014,Stone- (1175),Stone,116
0.0,0.0,112.6421,0.0,0.0,0.0,Stone- (1213),Stone,117
0.0064,0.0032,82.0734,0.0032,0.6067,0.0064,Stone- (889),Stone,109
0.003,0.0015,51.8642,0.0015,0.4,0.003,Stone- (920),Stone,95
0.0,0.0,287.9627,0.0,0.0,0.0,Stone- (65),Stone,124
0.0002,0.0001,180.2672,0.0001,0.035,0.0002,Stone- (78),Stone,137
0.0073,0.0037,54.3337,0.0037,1.0,0.0073,Stone- (135),Stone,103
0.0,0.0,123.3655,0.0,0.0,0.0,Stone- (1055),Stone,137
0.0,0.0,117.6138,0.0,0.0,0.0,Stone- (1353),Stone,145
0.0,0.0,112.1885,0.0,0.0,0.0,Stone- (1211),Stone,119
0.0,0.0,107.0012,0.0,0.0,0.0,Stone- (273),Stone,119
0.0,0.0,136.0303,0.0,0.0,0.0,Stone- (409),Stone,129
0.0005,0.0002,96.9827,0.0002,0.115,0.0005,Stone- (1231),Stone,120
0.0,0.0,126.6563,0.0,0.0,0.0,Stone- (1038),Stone,143
0.0,0.0,21.7071,0.0,0.0,0.0,Stone- (832),Stone,119
0.68,0.5152,9.016,0.9577,0.5271,0.68,Stone- (1220),Stone,119
0.0,0.0,64.7334,0.0,0.0,0.0,Stone- (497),Stone,143
0.0,0.0,135.9891,0.0,0.0,0.0,Stone- (408),Stone,128
0.0,0.0,117.7735,0.0,0.0,0.0,Stone- (794),Stone,134
0.0,0.0,122.6234,0.0,0.0,0.0,Stone- (128),Stone,94
0.0,0.0,171.1155,0.0,0.0,0.0,Stone- (951),Stone,136
0.0213,0.0108,39.5,0.0113,0.192,0.0213,Stone- (815),Stone,127
0.0,0.0,151.5297,0.0,0.0,0.0,Stone- (203),Stone,100
0.0003,0.0001,296.2248,0.0001,0.2252,0.0003,Stone- (538),Stone,94
0.0044,0.0022,62.8198,0.0022,0.5385,0.0044,Stone- (763),Stone,113
0.0083,0.0042,65.3343,0.0042,1.0,0.0083,Stone- (589),Stone,98
0.0168,0.0085,41.1096,0.0092,0.1,0.0168,Stone- (190),Stone,123
0.037,0.0189,52.8438,0.0223,0.1092,0.037,Stone- (1266),Stone,105
0.0,0.0,91.4166,0.0,0.0,0.0,Stone- (243),Stone,121
0.1227,0.0654,34.1292,0.0722,0.4086,0.1227,Stone- (1368),Stone,133
0.0015,0.0008,126.3616,0.0008,0.021,0.0015,Stone- (109),Stone,109
0.0083,0.0042,45.1276,0.0042,1.0,0.0083,Stone- (727),Stone,96
0.0033,0.0017,51.3079,0.0017,0.0608,0.0033,Stone- (1145),Stone,117
0.2568,0.1473,66.0303,0.1554,0.7397,0.2568,Stone- (253),Stone,111
0.0,0.0,71.7774,0.0,0.0,0.0,Stone- (285),Stone,133
0.0354,0.018,162.6133,0.0189,0.288,0.0354,Stone- (704),Stone,124
0.0,0.0,146.5473,0.0,0.0,0.0,Stone- (394),Stone,137
0.0,0.0,113.6328,0.0,0.0,0.0,Stone- (989),Stone,129
0.0024,0.0012,100.8746,0.0012,0.6711,0.0024,Stone- (1320),Stone,132
0.0,0.0,133.4541,0.0,0.0,0.0,Stone- (459),Stone,110
0.1826,0.1005,42.3596,0.1074,0.6087,0.1826,Stone- (550),Stone,120
0.0,0.0,148.4924,0.0,0.0,0.0,Stone- (9),Stone,129
0.0042,0.0021,69.6094,0.0021,0.5631,0.0042,Stone- (1246),Stone,136
0.0152,0.0077,82.5901,0.0077,0.4301,0.0152,Stone- (583),Stone,92
0.0,0.0,49.5109,0.0,0.0,0.0,Stone- (944),Stone,141
0.0,0.0,164.7822,0.0,0.0,0.0,Stone- (325),Stone,151
0.0022,0.0011,75.3985,0.0011,0.8444,0.0022,Stone- (235),Stone,121
0.0023,0.0011,122.9744,0.0012,0.0128,0.0023,Stone- (115),Stone,111
0.0,0.0,167.0067,0.0,0.0,0.0,Stone- (999),Stone,129
0.0017,0.0009,45.1276,0.0009,1.0,0.0017,Stone- (976),Stone,75
0.0,0.0,158.3618,0.0,0.0,0.0,Stone- (174),Stone,130
0.0,0.0,150.7937,0.0,0.0,0.0,Stone- (361),Stone,160
0.0003,0.0002,101.0468,0.0002,0.36,0.0003,Stone- (202),Stone,106
0.6969,0.5348,1.5,0.8772,0.578,0.6969,Stone- (490),Stone,146
0.0002,0.0001,127.1633,0.0001,1.0,0.0002,Stone- (1338),Stone,122
0.0057,0.0029,46.6763,0.0029,1.0,0.0057,Stone- (726),Stone,108
0.0,0.0,127.5315,0.0,0.0,0.0,Stone- (1195),Stone,105
0.0168,0.0084,121.1567,0.0085,0.7566,0.0168,Stone- (592),Stone,96
0.1728,0.0946,8.0309,0.2258,0.14,0.1728,Stone- (1050),Stone,151
0.0001,0.0001,49.6488,0.0001,0.006,0.0001,Stone- (1177),Stone,113
0.6386,0.469,5.58,0.9815,0.4732,0.6386,Stone- (314),Stone,144
0.0,0.0,108.1516,0.0,0.0,0.0,Stone- (1019),Stone,110
0.0087,0.0044,157.1886,0.0045,0.169,0.0087,Stone- (1095),Stone,123
0.7229,0.566,20.2608,0.6921,0.7565,0.7229,Stone- (478),Stone,132
0.0,0.0,170.0466,0.0,0.0,0.0,Stone- (40),Stone,145
0.001,0.0005,43.5,0.0005,0.3077,0.001,Stone- (979),Stone,76
0.0048,0.0024,81.5138,0.0024,0.6421,0.0048,Stone- (760),Stone,111
0.0,0.0,20.0175,0.0,0.0,0.0,Stone- (884),Stone,119
0.0022,0.0011,65.0,0.0011,1.0,0.0022,Stone- (984),Stone,94
0.0,0.0,158.4382,0.0,0.0,0.0,Stone- (171),Stone,126
0.0012,0.0006,53.9282,0.0006,0.0159,0.0012,Stone- (353),Stone,142
0.0,0.0,373.2824,0.0,0.0,0.0,Stone- (76),Stone,132
0.0084,0.0042,105.21,0.0042,0.9875,0.0084,Stone- (29),Stone,123
0.0037,0.0019,146.0077,0.0019,0.5794,0.0037,Stone- (530),Stone,103
0.0,0.0,161.6862,0.0,0.0,0.0,Stone- (54),Stone,139
0.0,0.0,144.8641,0.0,0.0,0.0,Stone- (143),Stone,133
0.0317,0.0161,60.3288,0.0164,0.4494,0.0317,Stone- (197),Stone,114
0.0,0.0,117.7391,0.0,0.0,0.0,Stone- (802),Stone,137
0.0,0.0,124.3226,0.0,0.0,0.0,Stone- (1071),Stone,130
0.0,0.0,140.3973,0.0,0.0,0.0,Stone- (494),Stone,139
0.813,0.6849,0.7071,0.9261,0.7245,0.813,Stone- (489),Stone,165
0.3857,0.2389,35.4295,0.2595,0.7506,0.3857,Stone- (563),Stone,148
0.0,0.0,175.3656,0.0,0.0,0.0,Stone- (1335),Stone,132
0.0,0.0,55.0806,0.0,0.0,0.0,Stone- (947),Stone,138
0.0085,0.0043,38.6177,0.0045,0.0814,0.0085,Stone- (818),Stone,121
0.1434,0.0772,36.1573,0.0885,0.3769,0.1434,Stone- (545),Stone,118
0.0083,0.0041,75.2998,0.0041,0.9593,0.0083,Stone- (962),Stone,103
0.0,0.0,144.0488,0.0,0.0,0.0,Stone- (141),Stone,135
0.002,0.001,130.4348,0.001,1.0,0.002,Stone- (220),Stone,95
0.0,0.0,80.6199,0.0,0.0,0.0,Stone- (49),Stone,146
0.0,0.0,114.474,0.0,0.0,0.0,Stone- (257),Stone,105
0.0,0.0,151.744,0.0,0.0,0.0,Stone- (390),Stone,128
0.0,0.0,78.4889,0.0,0.0,0.0,Stone- (857),Stone,99
0.5307,0.3612,14.5,0.4714,0.6071,0.5307,Stone- (481),Stone,152
0.7503,0.6004,2.2131,0.9207,0.6331,0.7503,Stone- (487),Stone,159
0.0,0.0,60.6207,0.0,0.0,0.0,Stone- (283),Stone,127
0.0,0.0,44.1276,0.0,0.0,0.0,Stone- (942),Stone,144
0.0,0.0,25.1224,0.0,0.0,0.0,Stone- (258),Stone,124
0.0042,0.0021,89.8917,0.0021,0.8571,0.0042,Stone- (1329),Stone,132
0.0036,0.0018,140.0402,0.0018,0.1576,0.0036,Stone- (99),Stone,118
0.0714,0.037,43.6606,0.0373,0.8108,0.0714,Stone- (547),Stone,123
0.001,0.0005,89.0421,0.0005,0.0513,0.001,Stone- (177),Stone,127
0.0316,0.0161,170.4799,0.0164,0.4338,0.0316,Stone- (711),Stone,114
0.0009,0.0004,82.9632,0.0005,0.0213,0.0009,Stone- (87),Stone,142
0.0278,0.0141,83.6625,0.016,0.1052,0.0278,Stone- (1265),Stone,113
0.0498,0.0255,25.005,0.0355,0.0833,0.0498,Stone- (1313),Stone,127
0.0315,0.016,37.0493,0.0166,0.3123,0.0315,Stone- (814),Stone,117
0.0,0.0,123.4727,0.0,0.0,0.0,Stone- (1171),Stone,107
0.0003,0.0001,46.2434,0.0002,0.0035,0.0003,Stone- (338),Stone,151
0.0,0.0,138.9829,0.0,0.0,0.0,Stone- (345),Stone,152
0.0112,0.0056,99.4598,0.0057,0.6144,0.0112,Stone- (823),Stone,121
0.0,0.0,114.1817,0.0,0.0,0.0,Stone- (747),Stone,111
0.2602,0.1496,8.1394,0.3893,0.1954,0.2602,Stone- (1049),Stone,168
0.0191,0.0096,66.0,0.0097,0.7438,0.0191,Stone- (966),Stone,104
0.0004,0.0002,142.3512,0.0002,0.1923,0.0004,Stone- (238),Stone,116
0.1176,0.0625,9.418,0.0931,0.1597,0.1176,Stone- (294),Stone,148
0.0012,0.0006,93.2232,0.0006,0.1134,0.0012,Stone- (901),Stone,110
0.0034,0.0017,106.3137,0.0017,1.0,0.0034,Stone- (611),Stone,116
0.0,0.0,117.7695,0.0,0.0,0.0,Stone- (795),Stone,132
0.0203,0.0103,84.6242,0.0106,0.2496,0.0203,Stone- (706),Stone,120
0.0,0.0,48.2312,0.0,0.0,0.0,Stone- (1076),Stone,132
0.0191,0.0096,156.2709,0.0098,0.37,0.0191,Stone- (1109),Stone,131
0.0,0.0,142.8581,0.0,0.0,0.0,Stone- (936),Stone,137
0.6639,0.4969,1.0,0.9518,0.5097,0.6639,Stone- (786),Stone,128
0.0028,0.0014,59.1883,0.0014,0.8519,0.0028,Stone- (145),Stone,137
0.0,0.0,72.4112,0.0,0.0,0.0,Stone- (1308),Stone,117
0.0,0.0,180.3122,0.0,0.0,0.0,Stone- (365),Stone,162
0.0019,0.0009,113.3813,0.0009,0.875,0.0019,Stone- (987),Stone,94
0.0,0.0,77.9872,0.0,0.0,0.0,Stone- (859),Stone,100
0.0,0.0,140.8554,0.0,0.0,0.0,Stone- (948),Stone,143
0.0096,0.0048,67.4167,0.0048,0.6881,0.0096,Stone- (961),Stone,106
0.0,0.0,112.7047,0.0,0.0,0.0,Stone- (269),Stone,118
0.0363,0.0185,170.2605,0.0192,0.3266,0.0363,Stone- (1113),Stone,126
0.012,0.0061,65.7336,0.0061,0.3146,0.012,Stone- (602),Stone,102
0.0,0.0,133.3625,0.0,0.0,0.0,Stone- (462),Stone,120
0.0,0.0,148.5539,0.0,0.0,0.0,Stone- (381),Stone,129
0.1525,0.0826,6.711,1.0,0.0826,0.1525,Stone- (774),Stone,145
0.0,0.0,356.4266,0.0,0.0,0.0,Stone- (110),Stone,116
0.0,0.0,146.9098,0.0,0.0,0.0,Stone- (358),Stone,157
0.0069,0.0035,68.6477,0.0035,0.9643,0.0069,Stone- (892),Stone,115
0.0,0.0,164.0122,0.0,0.0,0.0,Stone- (60),Stone,153
0.0038,0.0019,45.5036,0.0019,0.1818,0.0038,Stone- (1155),Stone,124
0.0155,0.0078,95.5756,0.0078,0.6824,0.0155,Stone- (1340),Stone,125
0.1254,0.0669,9.0139,0.0741,0.4074,0.1254,Stone- (843),Stone,120
0.0079,0.004,100.8464,0.004,0.747,0.0079,Stone- (206),Stone,124
0.0,0.0,128.9816,0.0,0.0,0.0,Stone- (735),Stone,78
0.0028,0.0014,197.5101,0.0014,0.6394,0.0028,Stone- (529),Stone,108
0.0017,0.0009,92.3986,0.0009,0.5385,0.0017,Stone- (149),Stone,112
0.0,0.0,28.408,0.0,0.0,0.0,Stone- (681),Stone,149
0.0,0.0,61.7824,0.0,0.0,0.0,Stone- (1024),Stone,123
0.0,0.0,116.4785,0.0,0.0,0.0,Stone- (1197),Stone,101
0.0,0.0,127.0459,0.0,0.0,0.0,Stone- (680),Stone,153
0.008,0.004,74.883,0.004,0.869,0.008,Stone- (28),Stone,117
0.0,0.0,188.5603,0.0,0.0,0.0,Stone- (1303),Stone,99
0.0,0.0,112.6623,0.0,0.0,0.0,Stone- (751),Stone,105
0.0,0.0,61.584,0.0,0.0,0.0,Stone- (1026),Stone,114
0.0058,0.0029,67.0792,0.0029,0.6842,0.0058,Stone- (956),Stone,109
0.0,0.0,143.0636,0.0,0.0,0.0,Stone- (1188),Stone,103
0.0,0.0,145.1674,0.0,0.0,0.0,Stone- (395),Stone,132
0.0,0.0,105.5522,0.0,0.0,0.0,Stone- (1306),Stone,129
0.024,0.0122,17.4939,0.0134,0.1161,0.024,Stone- (1241),Stone,136
0.0,0.0,69.3859,0.0,0.0,0.0,Stone- (496),Stone,143
0.0,0.0,116.4798,0.0,0.0,0.0,Stone- (1198),Stone,107
0.0235,0.0119,72.5513,0.012,0.4929,0.0235,Stone- (1274),Stone,109
0.0023,0.0012,91.6905,0.0012,0.58,0.0023,Stone- (974),Stone,126
0.555,0.3841,17.066,0.9313,0.3953,0.555,Stone- (469),Stone,147
0.0,0.0,123.4615,0.0,0.0,0.0,Stone- (1061),Stone,140
0.0,0.0,120.7805,0.0,0.0,0.0,Stone- (541),Stone,113
0.0138,0.0069,74.0874,0.007,0.3148,0.0138,Stone- (1277),Stone,107
0.052,0.0267,7.1589,0.7778,0.0269,0.052,Stone- (654),Stone,142
0.012,0.006,40.1304,0.0061,0.3011,0.012,Stone- (808),Stone,104
0.0202,0.0102,38.5519,0.0111,0.1079,0.0202,Stone- (196),Stone,116
0.0,0.0,122.0912,0.0,0.0,0.0,Stone- (131),Stone,99
0.0302,0.0153,17.8283,1.0,0.0153,0.0302,Stone- (629),Stone,131
0.0239,0.0121,68.6822,0.0125,0.276,0.0239,Stone- (1283),Stone,110
0.0,0.0,160.3597,0.0,0.0,0.0,Stone- (697),Stone,111
0.0,0.0,191.0167,0.0,0.0,0.0,Stone- (63),Stone,149
0.0,0.0,17.0737,0.0,0.0,0.0,Stone- (1041),Stone,123
0.0033,0.0016,45.3236,0.0017,0.0441,0.0033,Stone- (1138),Stone,120
0.3673,0.225,6.8007,0.322,0.4274,0.3673,Stone- (297),Stone,138
0.0,0.0,78.032,0.0,0.0,0.0,Stone- (860),Stone,106
0.0,0.0,121.2982,0.0,0.0,0.0,Stone- (746),Stone,116
0.0,0.0,149.7682,0.0,0.0,0.0,Stone- (373),Stone,139
0.0,0.0,48.3892,0.0,0.0,0.0,Stone- (994),Stone,124
0.0,0.0,114.991,0.0,0.0,0.0,Stone- (255),Stone,100
0.0,0.0,175.3007,0.0,0.0,0.0,Stone- (616),Stone,137
0.0098,0.0049,62.2414,0.005,0.3699,0.0098,Stone- (1248),Stone,129
0.5941,0.4226,28.502,0.5347,0.6683,0.5941,Stone- (564),Stone,144
0.0079,0.004,52.753,0.004,0.717,0.0079,Stone- (608),Stone,114
0.6462,0.4773,15.0,0.9807,0.4818,0.6462,Stone- (298),Stone,146
0.0164,0.0083,117.6259,0.0083,0.6587,0.0164,Stone- (593),Stone,94
0.6667,0.5,0.9854,0.875,0.5385,0.6667,Stone- (736),Stone,79
0.0,0.0,112.7324,0.0,0.0,0.0,Stone- (752),Stone,113
0.0,0.0,164.5975,0.0,0.0,0.0,Stone- (327),Stone,154
0.0,0.0,83.7314,0.0,0.0,0.0,Stone- (282),Stone,128
